,D009_GlobPlot,D009_GlobPlot,D009_GlobPlot,D009_GlobPlot,D025_RawMSA,D025_RawMSA,D025_RawMSA,D025_RawMSA,D033_DynaMine,D033_DynaMine,D033_DynaMine,D033_DynaMine
,tn,fp,fn,tp,tn,fp,fn,tp,tn,fp,fn,tp
0.898,,,,,281991.0,0.0,54571.0,33.0,,,,
0.897,,,,,281991.0,0.0,54542.0,62.0,,,,
0.896,,,,,281991.0,0.0,54508.0,96.0,,,,
0.895,,,,,281991.0,0.0,54459.0,145.0,,,,
0.894,,,,,281989.0,2.0,54426.0,178.0,,,,
0.893,,,,,281987.0,4.0,54384.0,220.0,,,,
0.892,,,,,281985.0,6.0,54348.0,256.0,,,,
0.891,,,,,281984.0,7.0,54307.0,297.0,,,,
0.89,,,,,281969.0,22.0,54234.0,370.0,,,,
0.889,,,,,281903.0,88.0,54150.0,454.0,,,,
0.888,,,,,281881.0,110.0,54051.0,553.0,,,,
0.887,,,,,281876.0,115.0,53947.0,657.0,,,,
0.886,,,,,281864.0,127.0,53840.0,764.0,,,,
0.885,,,,,281850.0,141.0,53759.0,845.0,,,,
0.884,,,,,281828.0,163.0,53683.0,921.0,,,,
0.883,,,,,281807.0,184.0,53608.0,996.0,,,,
0.882,,,,,281779.0,212.0,53525.0,1079.0,,,,
0.881,,,,,281748.0,243.0,53438.0,1166.0,,,,
0.88,,,,,281709.0,282.0,53330.0,1274.0,,,,
0.879,,,,,281673.0,318.0,53237.0,1367.0,,,,
0.878,,,,,281636.0,355.0,53164.0,1440.0,,,,
0.877,,,,,281594.0,397.0,53083.0,1521.0,,,,
0.876,,,,,281538.0,453.0,53013.0,1591.0,,,,
0.875,,,,,281498.0,493.0,52932.0,1672.0,,,,
0.874,,,,,281445.0,546.0,52839.0,1765.0,,,,
0.873,,,,,281399.0,592.0,52687.0,1917.0,,,,
0.872,,,,,281349.0,642.0,52442.0,2162.0,,,,
0.871,,,,,281303.0,688.0,52248.0,2356.0,,,,
0.87,,,,,281272.0,719.0,52083.0,2521.0,,,,
0.869,,,,,281224.0,767.0,51970.0,2634.0,,,,
0.868,,,,,281178.0,813.0,51883.0,2721.0,,,,
0.867,,,,,281124.0,867.0,51782.0,2822.0,,,,
0.866,,,,,281080.0,911.0,51714.0,2890.0,,,,
0.865,,,,,281029.0,962.0,51635.0,2969.0,,,,
0.864,,,,,280975.0,1016.0,51554.0,3050.0,,,,
0.863,,,,,280924.0,1067.0,51482.0,3122.0,,,,
0.862,,,,,280842.0,1149.0,51414.0,3190.0,,,,
0.861,,,,,280780.0,1211.0,51345.0,3259.0,,,,
0.86,,,,,280724.0,1267.0,51283.0,3321.0,,,,
0.859,,,,,280682.0,1309.0,51216.0,3388.0,,,,
0.858,,,,,280640.0,1351.0,51163.0,3441.0,,,,
0.857,,,,,280591.0,1400.0,51106.0,3498.0,,,,
0.856,,,,,280552.0,1439.0,51050.0,3554.0,,,,
0.855,,,,,280506.0,1485.0,50972.0,3632.0,,,,
0.854,,,,,280456.0,1535.0,50925.0,3679.0,,,,
0.853,,,,,280409.0,1582.0,50859.0,3745.0,,,,
0.852,,,,,280364.0,1627.0,50778.0,3826.0,,,,
0.851,,,,,280320.0,1671.0,50715.0,3889.0,,,,
0.85,,,,,280264.0,1727.0,50666.0,3938.0,,,,
0.849,,,,,280168.0,1823.0,50604.0,4000.0,,,,
0.848,,,,,280100.0,1891.0,50543.0,4061.0,,,,
0.847,,,,,280031.0,1960.0,50480.0,4124.0,,,,
0.846,,,,,279974.0,2017.0,50419.0,4185.0,,,,
0.845,,,,,279918.0,2073.0,50361.0,4243.0,,,,
0.844,,,,,279865.0,2126.0,50302.0,4302.0,,,,
0.843,,,,,279808.0,2183.0,50224.0,4380.0,,,,
0.842,,,,,279753.0,2238.0,50149.0,4455.0,,,,
0.841,,,,,279690.0,2301.0,50057.0,4547.0,,,,
0.84,,,,,279608.0,2383.0,49989.0,4615.0,,,,
0.839,,,,,279542.0,2449.0,49914.0,4690.0,,,,
0.838,,,,,279482.0,2509.0,49844.0,4760.0,,,,
0.837,,,,,279435.0,2556.0,49789.0,4815.0,,,,
0.836,,,,,279393.0,2598.0,49727.0,4877.0,,,,
0.835,,,,,279347.0,2644.0,49686.0,4918.0,,,,
0.834,,,,,279302.0,2689.0,49619.0,4985.0,,,,
0.833,,,,,279240.0,2751.0,49570.0,5034.0,,,,
0.832,,,,,279181.0,2810.0,49503.0,5101.0,,,,
0.831,,,,,279125.0,2866.0,49436.0,5168.0,,,,
0.83,,,,,279072.0,2919.0,49361.0,5243.0,,,,
0.829,,,,,279011.0,2980.0,49296.0,5308.0,,,,
0.828,,,,,278960.0,3031.0,49211.0,5393.0,,,,
0.827,,,,,278899.0,3092.0,49131.0,5473.0,,,,
0.826,,,,,278818.0,3173.0,49051.0,5553.0,,,,
0.825,,,,,278752.0,3239.0,48963.0,5641.0,,,,
0.824,,,,,278675.0,3316.0,48852.0,5752.0,,,,
0.823,,,,,278589.0,3402.0,48761.0,5843.0,,,,
0.822,,,,,278481.0,3510.0,48678.0,5926.0,,,,
0.821,,,,,278381.0,3610.0,48592.0,6012.0,,,,
0.82,,,,,278280.0,3711.0,48494.0,6110.0,,,,
0.819,,,,,278187.0,3804.0,48400.0,6204.0,,,,
0.818,,,,,278103.0,3888.0,48287.0,6317.0,,,,
0.817,,,,,278012.0,3979.0,48214.0,6390.0,,,,
0.816,,,,,277932.0,4059.0,48146.0,6458.0,,,,
0.815,,,,,277861.0,4130.0,48066.0,6538.0,,,,
0.814,,,,,277776.0,4215.0,47970.0,6634.0,,,,
0.813,,,,,277686.0,4305.0,47886.0,6718.0,,,,
0.812,,,,,277587.0,4404.0,47795.0,6809.0,,,,
0.811,,,,,277479.0,4512.0,47707.0,6897.0,,,,
0.81,,,,,277352.0,4639.0,47590.0,7014.0,,,,
0.809,,,,,277237.0,4754.0,47493.0,7111.0,,,,
0.808,,,,,277101.0,4890.0,47399.0,7205.0,,,,
0.807,,,,,276983.0,5008.0,47315.0,7289.0,,,,
0.806,,,,,276893.0,5098.0,47210.0,7394.0,,,,
0.805,,,,,276777.0,5214.0,47119.0,7485.0,,,,
0.804,,,,,276656.0,5335.0,47028.0,7576.0,,,,
0.803,,,,,276533.0,5458.0,46935.0,7669.0,,,,
0.802,,,,,276406.0,5585.0,46850.0,7754.0,,,,
0.801,,,,,276276.0,5715.0,46741.0,7863.0,,,,
0.8,,,,,276150.0,5841.0,46632.0,7972.0,,,,
0.799,,,,,276005.0,5986.0,46530.0,8074.0,,,,
0.798,,,,,275883.0,6108.0,46430.0,8174.0,,,,
0.797,,,,,275760.0,6231.0,46330.0,8274.0,,,,
0.796,,,,,275632.0,6359.0,46245.0,8359.0,,,,
0.795,,,,,275515.0,6476.0,46159.0,8445.0,,,,
0.794,,,,,275391.0,6600.0,46072.0,8532.0,,,,
0.793,,,,,275274.0,6717.0,45981.0,8623.0,,,,
0.792,,,,,275176.0,6815.0,45884.0,8720.0,,,,
0.791,,,,,275059.0,6932.0,45780.0,8824.0,,,,
0.79,,,,,274944.0,7047.0,45696.0,8908.0,,,,
0.789,,,,,274815.0,7176.0,45601.0,9003.0,,,,
0.788,,,,,274685.0,7306.0,45510.0,9094.0,,,,
0.787,,,,,274562.0,7429.0,45412.0,9192.0,,,,
0.786,,,,,274438.0,7553.0,45303.0,9301.0,,,,
0.785,,,,,274313.0,7678.0,45197.0,9407.0,,,,
0.784,,,,,274204.0,7787.0,45097.0,9507.0,,,,
0.783,,,,,274097.0,7894.0,44975.0,9629.0,,,,
0.782,,,,,273994.0,7997.0,44862.0,9742.0,,,,
0.781,,,,,273877.0,8114.0,44739.0,9865.0,,,,
0.78,,,,,273763.0,8228.0,44630.0,9974.0,,,,
0.779,,,,,273625.0,8366.0,44508.0,10096.0,,,,
0.778,,,,,273513.0,8478.0,44382.0,10222.0,,,,
0.777,,,,,273388.0,8603.0,44240.0,10364.0,,,,
0.776,,,,,273272.0,8719.0,44129.0,10475.0,,,,
0.775,,,,,273137.0,8854.0,44022.0,10582.0,,,,
0.774,,,,,272996.0,8995.0,43915.0,10689.0,,,,
0.773,,,,,272843.0,9148.0,43803.0,10801.0,,,,
0.772,,,,,272700.0,9291.0,43696.0,10908.0,,,,
0.771,,,,,272547.0,9444.0,43559.0,11045.0,,,,
0.77,,,,,272379.0,9612.0,43435.0,11169.0,,,,
0.769,,,,,272192.0,9799.0,43330.0,11274.0,,,,
0.768,,,,,271989.0,10002.0,43217.0,11387.0,,,,
0.767,,,,,271811.0,10180.0,43107.0,11497.0,,,,
0.766,,,,,271627.0,10364.0,42980.0,11624.0,,,,
0.765,,,,,271429.0,10562.0,42886.0,11718.0,,,,
0.764,,,,,271221.0,10770.0,42767.0,11837.0,,,,
0.763,,,,,271014.0,10977.0,42680.0,11924.0,,,,
0.762,,,,,270802.0,11189.0,42580.0,12024.0,,,,
0.761,,,,,270619.0,11372.0,42499.0,12105.0,,,,
0.76,,,,,270405.0,11586.0,42370.0,12234.0,,,,
0.759,,,,,270189.0,11802.0,42263.0,12341.0,,,,
0.758,,,,,269970.0,12021.0,42137.0,12467.0,,,,
0.757,,,,,269726.0,12265.0,42030.0,12574.0,,,,
0.756,,,,,269503.0,12488.0,41924.0,12680.0,,,,
0.755,,,,,269261.0,12730.0,41807.0,12797.0,,,,
0.754,,,,,269005.0,12986.0,41688.0,12916.0,,,,
0.753,,,,,268791.0,13200.0,41589.0,13015.0,,,,
0.752,,,,,268564.0,13427.0,41485.0,13119.0,,,,
0.751,,,,,268329.0,13662.0,41362.0,13242.0,,,,
0.75,,,,,268107.0,13884.0,41223.0,13381.0,,,,
0.749,,,,,267844.0,14147.0,41058.0,13546.0,,,,
0.748,,,,,267580.0,14411.0,40892.0,13712.0,,,,
0.747,,,,,267314.0,14677.0,40721.0,13883.0,,,,
0.746,,,,,267050.0,14941.0,40543.0,14061.0,,,,
0.745,,,,,266782.0,15209.0,40373.0,14231.0,,,,
0.744,,,,,266490.0,15501.0,40211.0,14393.0,,,,
0.743,,,,,266197.0,15794.0,40045.0,14559.0,,,,
0.742,,,,,265868.0,16123.0,39861.0,14743.0,,,,
0.741,,,,,265552.0,16439.0,39667.0,14937.0,,,,
0.74,,,,,265229.0,16762.0,39470.0,15134.0,,,,
0.739,,,,,264935.0,17056.0,39287.0,15317.0,,,,
0.738,,,,,264666.0,17325.0,39100.0,15504.0,,,,
0.737,,,,,264376.0,17615.0,38941.0,15663.0,,,,
0.736,,,,,264079.0,17912.0,38784.0,15820.0,,,,
0.735,,,,,263772.0,18219.0,38648.0,15956.0,,,,
0.734,,,,,263413.0,18578.0,38525.0,16079.0,,,,
0.733,,,,,263107.0,18884.0,38398.0,16206.0,,,,
0.732,,,,,262818.0,19173.0,38231.0,16373.0,,,,
0.731,,,,,262499.0,19492.0,38096.0,16508.0,,,,
0.73,,,,,262213.0,19778.0,37958.0,16646.0,,,,
0.729,,,,,261901.0,20090.0,37813.0,16791.0,,,,
0.728,,,,,261579.0,20412.0,37674.0,16930.0,,,,
0.727,,,,,261249.0,20742.0,37539.0,17065.0,281918.0,1.0,54560.0,0.0
0.726,,,,,260938.0,21053.0,37417.0,17187.0,,,,
0.725,,,,,260655.0,21336.0,37264.0,17340.0,,,,
0.724,,,,,260376.0,21615.0,37135.0,17469.0,,,,
0.723,,,,,260089.0,21902.0,36988.0,17616.0,,,,
0.722,,,,,259783.0,22208.0,36852.0,17752.0,281917.0,2.0,54560.0,0.0
0.721,,,,,259516.0,22475.0,36733.0,17871.0,,,,
0.72,,,,,259239.0,22752.0,36571.0,18033.0,,,,
0.719,,,,,258975.0,23016.0,36449.0,18155.0,,,,
0.718,,,,,258720.0,23271.0,36328.0,18276.0,,,,
0.717,,,,,258442.0,23549.0,36206.0,18398.0,281916.0,3.0,54560.0,0.0
0.716,,,,,258147.0,23844.0,36085.0,18519.0,281915.0,4.0,54560.0,0.0
0.715,,,,,257892.0,24099.0,35959.0,18645.0,281914.0,5.0,54560.0,0.0
0.714,,,,,257588.0,24403.0,35848.0,18756.0,,,,
0.713,,,,,257314.0,24677.0,35708.0,18896.0,281913.0,6.0,54560.0,0.0
0.712,,,,,257013.0,24978.0,35578.0,19026.0,,,,
0.711,,,,,256717.0,25274.0,35462.0,19142.0,281912.0,7.0,54560.0,0.0
0.71,,,,,256426.0,25565.0,35357.0,19247.0,,,,
0.709,,,,,256154.0,25837.0,35239.0,19365.0,,,,
0.708,,,,,255880.0,26111.0,35158.0,19446.0,,,,
0.707,,,,,255605.0,26386.0,35039.0,19565.0,,,,
0.706,,,,,255308.0,26683.0,34927.0,19677.0,281911.0,8.0,54560.0,0.0
0.705,,,,,255043.0,26948.0,34810.0,19794.0,,,,
0.704,,,,,254783.0,27208.0,34686.0,19918.0,,,,
0.703,,,,,254511.0,27480.0,34579.0,20025.0,,,,
0.702,,,,,254243.0,27748.0,34472.0,20132.0,281910.0,9.0,54560.0,0.0
0.701,,,,,253980.0,28011.0,34361.0,20243.0,281908.0,11.0,54560.0,0.0
0.7,,,,,253719.0,28272.0,34263.0,20341.0,281907.0,12.0,54560.0,0.0
0.699,,,,,253458.0,28533.0,34158.0,20446.0,281906.0,13.0,54560.0,0.0
0.698,,,,,253164.0,28827.0,34030.0,20574.0,281905.0,14.0,54560.0,0.0
0.697,,,,,252880.0,29111.0,33908.0,20696.0,,,,
0.696,,,,,252605.0,29386.0,33804.0,20800.0,281904.0,15.0,54560.0,0.0
0.695,,,,,252322.0,29669.0,33680.0,20924.0,281902.0,17.0,54560.0,0.0
0.694,,,,,252019.0,29972.0,33580.0,21024.0,281901.0,18.0,54560.0,0.0
0.693,,,,,251749.0,30242.0,33466.0,21138.0,,,,
0.692,,,,,251457.0,30534.0,33362.0,21242.0,,,,
0.691,,,,,251203.0,30788.0,33278.0,21326.0,281898.0,21.0,54560.0,0.0
0.69,,,,,250904.0,31087.0,33170.0,21434.0,281896.0,23.0,54560.0,0.0
0.689,,,,,250641.0,31350.0,33053.0,21551.0,281895.0,24.0,54560.0,0.0
0.688,,,,,250358.0,31633.0,32947.0,21657.0,281893.0,26.0,54560.0,0.0
0.687,,,,,250065.0,31926.0,32836.0,21768.0,281891.0,28.0,54560.0,0.0
0.686,,,,,249801.0,32190.0,32725.0,21879.0,281890.0,29.0,54560.0,0.0
0.685,,,,,249518.0,32473.0,32624.0,21980.0,281889.0,30.0,54560.0,0.0
0.684,,,,,249283.0,32708.0,32515.0,22089.0,281887.0,32.0,54560.0,0.0
0.683,,,,,249039.0,32952.0,32417.0,22187.0,281885.0,34.0,54560.0,0.0
0.682,,,,,248777.0,33214.0,32321.0,22283.0,281883.0,36.0,54560.0,0.0
0.681,,,,,248501.0,33490.0,32201.0,22403.0,281881.0,38.0,54560.0,0.0
0.68,,,,,248221.0,33770.0,32096.0,22508.0,281878.0,41.0,54560.0,0.0
0.679,,,,,247959.0,34032.0,31988.0,22616.0,281876.0,43.0,54560.0,0.0
0.678,,,,,247674.0,34317.0,31879.0,22725.0,281873.0,46.0,54560.0,0.0
0.677,,,,,247405.0,34586.0,31765.0,22839.0,281872.0,47.0,54559.0,1.0
0.676,,,,,247125.0,34866.0,31673.0,22931.0,281871.0,48.0,54559.0,1.0
0.675,,,,,246885.0,35106.0,31568.0,23036.0,281870.0,49.0,54559.0,1.0
0.674,,,,,246615.0,35376.0,31456.0,23148.0,281866.0,53.0,54559.0,1.0
0.673,,,,,246329.0,35662.0,31348.0,23256.0,281859.0,60.0,54559.0,1.0
0.672,,,,,246074.0,35917.0,31252.0,23352.0,281858.0,61.0,54559.0,1.0
0.671,,,,,245834.0,36157.0,31134.0,23470.0,281856.0,63.0,54559.0,1.0
0.67,,,,,245587.0,36404.0,31026.0,23578.0,281854.0,65.0,54557.0,3.0
0.669,,,,,245308.0,36683.0,30923.0,23681.0,281853.0,66.0,54557.0,3.0
0.668,,,,,245062.0,36929.0,30840.0,23764.0,,,,
0.667,,,,,244792.0,37199.0,30738.0,23866.0,281850.0,69.0,54557.0,3.0
0.666,,,,,244515.0,37476.0,30660.0,23944.0,281849.0,70.0,54556.0,4.0
0.665,,,,,244228.0,37763.0,30578.0,24026.0,281847.0,72.0,54556.0,4.0
0.664,,,,,243948.0,38043.0,30482.0,24122.0,281845.0,74.0,54555.0,5.0
0.663,,,,,243663.0,38328.0,30391.0,24213.0,281844.0,75.0,54554.0,6.0
0.662,,,,,243372.0,38619.0,30297.0,24307.0,281842.0,77.0,54554.0,6.0
0.661,,,,,243091.0,38900.0,30210.0,24394.0,281840.0,79.0,54554.0,6.0
0.66,,,,,242817.0,39174.0,30128.0,24476.0,281837.0,82.0,54554.0,6.0
0.659,,,,,242556.0,39435.0,30035.0,24569.0,,,,
0.658,,,,,242298.0,39693.0,29960.0,24644.0,,,,
0.657,,,,,242031.0,39960.0,29859.0,24745.0,281833.0,86.0,54554.0,6.0
0.656,,,,,241767.0,40224.0,29767.0,24837.0,281828.0,91.0,54554.0,6.0
0.655,,,,,241451.0,40540.0,29682.0,24922.0,281827.0,92.0,54553.0,7.0
0.654,,,,,241183.0,40808.0,29597.0,25007.0,281823.0,96.0,54553.0,7.0
0.653,,,,,240935.0,41056.0,29511.0,25093.0,281816.0,103.0,54553.0,7.0
0.652,,,,,240678.0,41313.0,29427.0,25177.0,281813.0,106.0,54553.0,7.0
0.651,,,,,240435.0,41556.0,29351.0,25253.0,,,,
0.65,,,,,240185.0,41806.0,29280.0,25324.0,281808.0,111.0,54553.0,7.0
0.649,,,,,239966.0,42025.0,29178.0,25426.0,281806.0,113.0,54552.0,8.0
0.648,,,,,239711.0,42280.0,29095.0,25509.0,281802.0,117.0,54552.0,8.0
0.647,,,,,239448.0,42543.0,29012.0,25592.0,281800.0,119.0,54550.0,10.0
0.646,,,,,239200.0,42791.0,28920.0,25684.0,281796.0,123.0,54550.0,10.0
0.645,,,,,238951.0,43040.0,28811.0,25793.0,281789.0,130.0,54549.0,11.0
0.644,,,,,238714.0,43277.0,28721.0,25883.0,281785.0,134.0,54549.0,11.0
0.643,,,,,238480.0,43511.0,28629.0,25975.0,281779.0,140.0,54548.0,12.0
0.642,,,,,238238.0,43753.0,28546.0,26058.0,281777.0,142.0,54547.0,13.0
0.641,,,,,238004.0,43987.0,28453.0,26151.0,281770.0,149.0,54545.0,15.0
0.64,,,,,237726.0,44265.0,28377.0,26227.0,281765.0,154.0,54545.0,15.0
0.639,,,,,237489.0,44502.0,28283.0,26321.0,281759.0,160.0,54545.0,15.0
0.638,,,,,237258.0,44733.0,28199.0,26405.0,281758.0,161.0,54545.0,15.0
0.637,,,,,237039.0,44952.0,28098.0,26506.0,281753.0,166.0,54543.0,17.0
0.636,,,,,236803.0,45188.0,28004.0,26600.0,281753.0,166.0,54542.0,18.0
0.635,,,,,236551.0,45440.0,27912.0,26692.0,281751.0,168.0,54542.0,18.0
0.634,,,,,236297.0,45694.0,27822.0,26782.0,281743.0,176.0,54540.0,20.0
0.633,,,,,236053.0,45938.0,27728.0,26876.0,281739.0,180.0,54540.0,20.0
0.632,,,,,235810.0,46181.0,27663.0,26941.0,281734.0,185.0,54540.0,20.0
0.631,,,,,235579.0,46412.0,27573.0,27031.0,281731.0,188.0,54539.0,21.0
0.63,,,,,235338.0,46653.0,27474.0,27130.0,281727.0,192.0,54539.0,21.0
0.629,,,,,235095.0,46896.0,27374.0,27230.0,281723.0,196.0,54539.0,21.0
0.628,,,,,234852.0,47139.0,27288.0,27316.0,281722.0,197.0,54539.0,21.0
0.627,,,,,234619.0,47372.0,27195.0,27409.0,281717.0,202.0,54539.0,21.0
0.626,,,,,234384.0,47607.0,27107.0,27497.0,281715.0,204.0,54538.0,22.0
0.625,,,,,234159.0,47832.0,27037.0,27567.0,281710.0,209.0,54538.0,22.0
0.624,,,,,233963.0,48028.0,26958.0,27646.0,281709.0,210.0,54538.0,22.0
0.623,,,,,233714.0,48277.0,26861.0,27743.0,281705.0,214.0,54538.0,22.0
0.622,,,,,233499.0,48492.0,26782.0,27822.0,281700.0,219.0,54537.0,23.0
0.621,,,,,233263.0,48728.0,26711.0,27893.0,281689.0,230.0,54536.0,24.0
0.62,,,,,233003.0,48988.0,26636.0,27968.0,281685.0,234.0,54536.0,24.0
0.619,,,,,232788.0,49203.0,26569.0,28035.0,281681.0,238.0,54536.0,24.0
0.618,,,,,232549.0,49442.0,26490.0,28114.0,281671.0,248.0,54536.0,24.0
0.617,,,,,232302.0,49689.0,26412.0,28192.0,281656.0,263.0,54536.0,24.0
0.616,,,,,232068.0,49923.0,26310.0,28294.0,281651.0,268.0,54535.0,25.0
0.615,,,,,231808.0,50183.0,26227.0,28377.0,281642.0,277.0,54533.0,27.0
0.614,,,,,231567.0,50424.0,26146.0,28458.0,281634.0,285.0,54532.0,28.0
0.613,,,,,231367.0,50624.0,26053.0,28551.0,281627.0,292.0,54531.0,29.0
0.612,,,,,231125.0,50866.0,25967.0,28637.0,281620.0,299.0,54531.0,29.0
0.611,,,,,230887.0,51104.0,25872.0,28732.0,281612.0,307.0,54529.0,31.0
0.61,,,,,230658.0,51333.0,25782.0,28822.0,281603.0,316.0,54527.0,33.0
0.609,,,,,230435.0,51556.0,25693.0,28911.0,281594.0,325.0,54527.0,33.0
0.608,,,,,230203.0,51788.0,25623.0,28981.0,281589.0,330.0,54525.0,35.0
0.607,,,,,229971.0,52020.0,25551.0,29053.0,281576.0,343.0,54525.0,35.0
0.606,,,,,229727.0,52264.0,25432.0,29172.0,281568.0,351.0,54525.0,35.0
0.605,,,,,229504.0,52487.0,25353.0,29251.0,281561.0,358.0,54525.0,35.0
0.604,,,,,229309.0,52682.0,25239.0,29365.0,281555.0,364.0,54524.0,36.0
0.603,,,,,229077.0,52914.0,25147.0,29457.0,281537.0,382.0,54521.0,39.0
0.602,,,,,228858.0,53133.0,25048.0,29556.0,281530.0,389.0,54521.0,39.0
0.601,,,,,228648.0,53343.0,24972.0,29632.0,281508.0,411.0,54520.0,40.0
0.6,,,,,228426.0,53565.0,24874.0,29730.0,281502.0,417.0,54518.0,42.0
0.599,,,,,228221.0,53770.0,24791.0,29813.0,281491.0,428.0,54516.0,44.0
0.598,,,,,227997.0,53994.0,24700.0,29904.0,281484.0,435.0,54514.0,46.0
0.597,,,,,227801.0,54190.0,24611.0,29993.0,281469.0,450.0,54512.0,48.0
0.596,,,,,227580.0,54411.0,24534.0,30070.0,281460.0,459.0,54510.0,50.0
0.595,,,,,227359.0,54632.0,24449.0,30155.0,281445.0,474.0,54509.0,51.0
0.594,,,,,227165.0,54826.0,24359.0,30245.0,281432.0,487.0,54509.0,51.0
0.593,,,,,226980.0,55011.0,24263.0,30341.0,281418.0,501.0,54506.0,54.0
0.592,,,,,226802.0,55189.0,24193.0,30411.0,281400.0,519.0,54505.0,55.0
0.591,,,,,226609.0,55382.0,24125.0,30479.0,281388.0,531.0,54501.0,59.0
0.59,,,,,226401.0,55590.0,24037.0,30567.0,281377.0,542.0,54498.0,62.0
0.589,,,,,226187.0,55804.0,23957.0,30647.0,281360.0,559.0,54495.0,65.0
0.588,,,,,225965.0,56026.0,23884.0,30720.0,281348.0,571.0,54494.0,66.0
0.587,,,,,225768.0,56223.0,23807.0,30797.0,281331.0,588.0,54493.0,67.0
0.586,,,,,225557.0,56434.0,23747.0,30857.0,281315.0,604.0,54491.0,69.0
0.585,,,,,225327.0,56664.0,23677.0,30927.0,281299.0,620.0,54489.0,71.0
0.584,,,,,225115.0,56876.0,23607.0,30997.0,281285.0,634.0,54486.0,74.0
0.583,,,,,224918.0,57073.0,23541.0,31063.0,281274.0,645.0,54486.0,74.0
0.582,,,,,224711.0,57280.0,23450.0,31154.0,281263.0,656.0,54482.0,78.0
0.581,,,,,224504.0,57487.0,23374.0,31230.0,281245.0,674.0,54478.0,82.0
0.58,,,,,224287.0,57704.0,23301.0,31303.0,281228.0,691.0,54478.0,82.0
0.579,,,,,224108.0,57883.0,23230.0,31374.0,281209.0,710.0,54477.0,83.0
0.578,,,,,223918.0,58073.0,23169.0,31435.0,281192.0,727.0,54473.0,87.0
0.577,,,,,223729.0,58262.0,23108.0,31496.0,281180.0,739.0,54472.0,88.0
0.576,,,,,223528.0,58463.0,23023.0,31581.0,281162.0,757.0,54467.0,93.0
0.575,,,,,223329.0,58662.0,22958.0,31646.0,281147.0,772.0,54461.0,99.0
0.574,,,,,223119.0,58872.0,22891.0,31713.0,281125.0,794.0,54458.0,102.0
0.573,,,,,222919.0,59072.0,22823.0,31781.0,281099.0,820.0,54454.0,106.0
0.572,,,,,222710.0,59281.0,22756.0,31848.0,281082.0,837.0,54452.0,108.0
0.571,,,,,222523.0,59468.0,22694.0,31910.0,281059.0,860.0,54448.0,112.0
0.57,,,,,222317.0,59674.0,22620.0,31984.0,281042.0,877.0,54440.0,120.0
0.569,,,,,222116.0,59875.0,22526.0,32078.0,281025.0,894.0,54437.0,123.0
0.568,,,,,221933.0,60058.0,22461.0,32143.0,281004.0,915.0,54434.0,126.0
0.567,,,,,221731.0,60260.0,22396.0,32208.0,280983.0,936.0,54428.0,132.0
0.566,,,,,221528.0,60463.0,22338.0,32266.0,280960.0,959.0,54423.0,137.0
0.565,,,,,221324.0,60667.0,22272.0,32332.0,280938.0,981.0,54415.0,145.0
0.564,,,,,221122.0,60869.0,22188.0,32416.0,280922.0,997.0,54412.0,148.0
0.563,,,,,220923.0,61068.0,22116.0,32488.0,280902.0,1017.0,54410.0,150.0
0.562,,,,,220700.0,61291.0,22040.0,32564.0,280878.0,1041.0,54407.0,153.0
0.561,,,,,220474.0,61517.0,21973.0,32631.0,280862.0,1057.0,54400.0,160.0
0.56,,,,,220265.0,61726.0,21896.0,32708.0,280840.0,1079.0,54396.0,164.0
0.559,,,,,220083.0,61908.0,21840.0,32764.0,280815.0,1104.0,54391.0,169.0
0.558,,,,,219882.0,62109.0,21775.0,32829.0,280788.0,1131.0,54387.0,173.0
0.557,,,,,219672.0,62319.0,21710.0,32894.0,280766.0,1153.0,54383.0,177.0
0.556,,,,,219486.0,62505.0,21648.0,32956.0,280747.0,1172.0,54371.0,189.0
0.555,,,,,219293.0,62698.0,21582.0,33022.0,280724.0,1195.0,54365.0,195.0
0.554,,,,,219106.0,62885.0,21507.0,33097.0,280705.0,1214.0,54359.0,201.0
0.553,,,,,218912.0,63079.0,21434.0,33170.0,280676.0,1243.0,54349.0,211.0
0.552,,,,,218711.0,63280.0,21360.0,33244.0,280649.0,1270.0,54343.0,217.0
0.551,,,,,218514.0,63477.0,21287.0,33317.0,280625.0,1294.0,54337.0,223.0
0.55,,,,,218326.0,63665.0,21209.0,33395.0,280598.0,1321.0,54327.0,233.0
0.549,,,,,218154.0,63837.0,21146.0,33458.0,280570.0,1349.0,54324.0,236.0
0.548,,,,,217957.0,64034.0,21064.0,33540.0,280548.0,1371.0,54317.0,243.0
0.547,,,,,217758.0,64233.0,21005.0,33599.0,280521.0,1398.0,54308.0,252.0
0.546,,,,,217561.0,64430.0,20952.0,33652.0,280491.0,1428.0,54303.0,257.0
0.545,,,,,217340.0,64651.0,20884.0,33720.0,280464.0,1455.0,54295.0,265.0
0.544,,,,,217143.0,64848.0,20816.0,33788.0,280439.0,1480.0,54291.0,269.0
0.543,,,,,216953.0,65038.0,20743.0,33861.0,280410.0,1509.0,54279.0,281.0
0.542,,,,,216789.0,65202.0,20672.0,33932.0,280372.0,1547.0,54273.0,287.0
0.541,,,,,216589.0,65402.0,20593.0,34011.0,280341.0,1578.0,54267.0,293.0
0.54,,,,,216377.0,65614.0,20512.0,34092.0,280297.0,1622.0,54254.0,306.0
0.539,,,,,216187.0,65804.0,20428.0,34176.0,280260.0,1659.0,54238.0,322.0
0.538,,,,,215973.0,66018.0,20364.0,34240.0,280228.0,1691.0,54231.0,329.0
0.537,,,,,215780.0,66211.0,20287.0,34317.0,280202.0,1717.0,54227.0,333.0
0.536,,,,,215591.0,66400.0,20217.0,34387.0,280159.0,1760.0,54216.0,344.0
0.535,,,,,215378.0,66613.0,20149.0,34455.0,280122.0,1797.0,54205.0,355.0
0.534,,,,,215174.0,66817.0,20061.0,34543.0,280091.0,1828.0,54192.0,368.0
0.533,,,,,214955.0,67036.0,19994.0,34610.0,280051.0,1868.0,54179.0,381.0
0.532,,,,,214748.0,67243.0,19902.0,34702.0,280016.0,1903.0,54166.0,394.0
0.531,,,,,214528.0,67463.0,19831.0,34773.0,279969.0,1950.0,54153.0,407.0
0.53,,,,,214322.0,67669.0,19744.0,34860.0,279918.0,2001.0,54140.0,420.0
0.529,,,,,214136.0,67855.0,19676.0,34928.0,279882.0,2037.0,54122.0,438.0
0.528,,,,,213944.0,68047.0,19606.0,34998.0,279844.0,2075.0,54106.0,454.0
0.527,,,,,213733.0,68258.0,19518.0,35086.0,279802.0,2117.0,54092.0,468.0
0.526,,,,,213521.0,68470.0,19431.0,35173.0,279754.0,2165.0,54076.0,484.0
0.525,,,,,213304.0,68687.0,19341.0,35263.0,279715.0,2204.0,54064.0,496.0
0.524,,,,,213075.0,68916.0,19260.0,35344.0,279665.0,2254.0,54051.0,509.0
0.523,,,,,212832.0,69159.0,19186.0,35418.0,279627.0,2292.0,54038.0,522.0
0.522,,,,,212592.0,69399.0,19100.0,35504.0,279587.0,2332.0,54027.0,533.0
0.521,,,,,212376.0,69615.0,18996.0,35608.0,279538.0,2381.0,54012.0,548.0
0.52,,,,,212115.0,69876.0,18906.0,35698.0,279481.0,2438.0,53995.0,565.0
0.519,,,,,211873.0,70118.0,18812.0,35792.0,279437.0,2482.0,53983.0,577.0
0.518,,,,,211646.0,70345.0,18723.0,35881.0,279376.0,2543.0,53967.0,593.0
0.517,,,,,211385.0,70606.0,18639.0,35965.0,279325.0,2594.0,53955.0,605.0
0.516,,,,,211114.0,70877.0,18576.0,36028.0,279282.0,2637.0,53933.0,627.0
0.515,,,,,210822.0,71169.0,18508.0,36096.0,279230.0,2689.0,53916.0,644.0
0.514,,,,,210519.0,71472.0,18435.0,36169.0,279167.0,2752.0,53900.0,660.0
0.513,,,,,210280.0,71711.0,18365.0,36239.0,279131.0,2788.0,53884.0,676.0
0.512,,,,,210026.0,71965.0,18277.0,36327.0,279091.0,2828.0,53869.0,691.0
0.511,,,,,209736.0,72255.0,18218.0,36386.0,279047.0,2872.0,53848.0,712.0
0.51,,,,,209474.0,72517.0,18148.0,36456.0,278992.0,2927.0,53824.0,736.0
0.509,,,,,209181.0,72810.0,18064.0,36540.0,278936.0,2983.0,53809.0,751.0
0.508,,,,,208920.0,73071.0,17984.0,36620.0,278860.0,3059.0,53786.0,774.0
0.507,,,,,208635.0,73356.0,17893.0,36711.0,278810.0,3109.0,53771.0,789.0
0.506,,,,,208352.0,73639.0,17798.0,36806.0,278750.0,3169.0,53750.0,810.0
0.505,,,,,208055.0,73936.0,17734.0,36870.0,278707.0,3212.0,53735.0,825.0
0.504,,,,,207759.0,74232.0,17654.0,36950.0,278627.0,3292.0,53708.0,852.0
0.503,,,,,207472.0,74519.0,17578.0,37026.0,278563.0,3356.0,53688.0,872.0
0.502,,,,,207202.0,74789.0,17490.0,37114.0,278490.0,3429.0,53659.0,901.0
0.501,,,,,206917.0,75074.0,17405.0,37199.0,278446.0,3473.0,53634.0,926.0
0.5,,,,,206656.0,75335.0,17315.0,37289.0,278378.0,3541.0,53609.0,951.0
0.499,,,,,206370.0,75621.0,17231.0,37373.0,278308.0,3611.0,53579.0,981.0
0.498,,,,,206091.0,75900.0,17141.0,37463.0,278254.0,3665.0,53549.0,1011.0
0.497,,,,,205819.0,76172.0,17085.0,37519.0,278176.0,3743.0,53519.0,1041.0
0.496,,,,,205535.0,76456.0,17004.0,37600.0,278075.0,3844.0,53485.0,1075.0
0.495,,,,,205228.0,76763.0,16910.0,37694.0,278001.0,3918.0,53453.0,1107.0
0.494,,,,,204910.0,77081.0,16835.0,37769.0,277919.0,4000.0,53429.0,1131.0
0.493,,,,,204614.0,77377.0,16750.0,37854.0,277837.0,4082.0,53403.0,1157.0
0.492,,,,,204278.0,77713.0,16669.0,37935.0,277757.0,4162.0,53365.0,1195.0
0.491,,,,,203969.0,78022.0,16589.0,38015.0,277688.0,4231.0,53332.0,1228.0
0.49,,,,,203637.0,78354.0,16501.0,38103.0,277610.0,4309.0,53310.0,1250.0
0.489,,,,,203321.0,78670.0,16403.0,38201.0,277525.0,4394.0,53286.0,1274.0
0.488,,,,,203007.0,78984.0,16296.0,38308.0,277440.0,4479.0,53252.0,1308.0
0.487,,,,,202708.0,79283.0,16214.0,38390.0,277348.0,4571.0,53214.0,1346.0
0.486,,,,,202395.0,79596.0,16150.0,38454.0,277264.0,4655.0,53191.0,1369.0
0.485,,,,,202099.0,79892.0,16061.0,38543.0,277184.0,4735.0,53155.0,1405.0
0.484,,,,,201790.0,80201.0,15969.0,38635.0,277087.0,4832.0,53127.0,1433.0
0.483,,,,,201482.0,80509.0,15872.0,38732.0,276993.0,4926.0,53099.0,1461.0
0.482,,,,,201190.0,80801.0,15768.0,38836.0,276919.0,5000.0,53069.0,1491.0
0.481,,,,,200895.0,81096.0,15687.0,38917.0,276817.0,5102.0,53031.0,1529.0
0.48,,,,,200578.0,81413.0,15608.0,38996.0,276728.0,5191.0,53002.0,1558.0
0.479,,,,,200257.0,81734.0,15535.0,39069.0,276631.0,5288.0,52966.0,1594.0
0.478,,,,,199921.0,82070.0,15459.0,39145.0,276545.0,5374.0,52931.0,1629.0
0.477,,,,,199579.0,82412.0,15378.0,39226.0,276461.0,5458.0,52886.0,1674.0
0.476,,,,,199241.0,82750.0,15292.0,39312.0,276363.0,5556.0,52849.0,1711.0
0.475,,,,,198922.0,83069.0,15213.0,39391.0,276256.0,5663.0,52814.0,1746.0
0.474,,,,,198580.0,83411.0,15119.0,39485.0,276168.0,5751.0,52782.0,1778.0
0.473,,,,,198260.0,83731.0,15012.0,39592.0,276056.0,5863.0,52742.0,1818.0
0.472,,,,,197915.0,84076.0,14921.0,39683.0,275952.0,5967.0,52699.0,1861.0
0.471,,,,,197529.0,84462.0,14836.0,39768.0,275858.0,6061.0,52655.0,1905.0
0.47,,,,,197152.0,84839.0,14745.0,39859.0,275746.0,6173.0,52610.0,1950.0
0.469,,,,,196778.0,85213.0,14664.0,39940.0,275638.0,6281.0,52566.0,1994.0
0.468,281917.0,2.0,54560.0,0.0,196381.0,85610.0,14579.0,40025.0,275546.0,6373.0,52520.0,2040.0
0.467,,,,,195937.0,86054.0,14502.0,40102.0,275432.0,6487.0,52479.0,2081.0
0.466,,,,,195500.0,86491.0,14402.0,40202.0,275309.0,6610.0,52439.0,2121.0
0.465,,,,,195112.0,86879.0,14324.0,40280.0,275184.0,6735.0,52384.0,2176.0
0.464,,,,,194708.0,87283.0,14225.0,40379.0,275063.0,6856.0,52336.0,2224.0
0.463,281915.0,4.0,54560.0,0.0,194269.0,87722.0,14132.0,40472.0,274965.0,6954.0,52290.0,2270.0
0.462,281914.0,5.0,54560.0,0.0,193838.0,88153.0,14053.0,40551.0,274837.0,7082.0,52234.0,2326.0
0.461,,,,,193391.0,88600.0,13981.0,40623.0,274710.0,7209.0,52197.0,2363.0
0.46,281913.0,6.0,54560.0,0.0,193009.0,88982.0,13898.0,40706.0,274583.0,7336.0,52153.0,2407.0
0.459,,,,,192570.0,89421.0,13817.0,40787.0,274447.0,7472.0,52109.0,2451.0
0.458,,,,,192127.0,89864.0,13720.0,40884.0,274314.0,7605.0,52073.0,2487.0
0.457,,,,,191665.0,90326.0,13640.0,40964.0,274195.0,7724.0,52006.0,2554.0
0.456,281911.0,8.0,54560.0,0.0,191171.0,90820.0,13562.0,41042.0,274093.0,7826.0,51955.0,2605.0
0.455,,,,,190690.0,91301.0,13480.0,41124.0,273954.0,7965.0,51912.0,2648.0
0.454,,,,,190228.0,91763.0,13401.0,41203.0,273824.0,8095.0,51866.0,2694.0
0.453,,,,,189771.0,92220.0,13299.0,41305.0,273681.0,8238.0,51799.0,2761.0
0.452,281910.0,9.0,54560.0,0.0,189349.0,92642.0,13222.0,41382.0,273563.0,8356.0,51739.0,2821.0
0.451,,,,,188906.0,93085.0,13143.0,41461.0,273439.0,8480.0,51685.0,2875.0
0.45,,,,,188459.0,93532.0,13073.0,41531.0,273306.0,8613.0,51620.0,2940.0
0.449,,,,,187984.0,94007.0,12995.0,41609.0,273188.0,8731.0,51561.0,2999.0
0.448,281908.0,11.0,54560.0,0.0,187508.0,94483.0,12935.0,41669.0,273057.0,8862.0,51511.0,3049.0
0.447,,,,,187025.0,94966.0,12859.0,41745.0,272934.0,8985.0,51451.0,3109.0
0.446,,,,,186529.0,95462.0,12771.0,41833.0,272795.0,9124.0,51381.0,3179.0
0.445,281907.0,12.0,54560.0,0.0,186057.0,95934.0,12710.0,41894.0,272662.0,9257.0,51316.0,3244.0
0.444,,,,,185601.0,96390.0,12632.0,41972.0,272525.0,9394.0,51242.0,3318.0
0.443,,,,,185157.0,96834.0,12552.0,42052.0,272404.0,9515.0,51180.0,3380.0
0.442,,,,,184660.0,97331.0,12480.0,42124.0,272255.0,9664.0,51113.0,3447.0
0.441,,,,,184202.0,97789.0,12388.0,42216.0,272108.0,9811.0,51037.0,3523.0
0.44,281906.0,13.0,54560.0,0.0,183749.0,98242.0,12316.0,42288.0,271977.0,9942.0,50977.0,3583.0
0.439,281905.0,14.0,54560.0,0.0,183315.0,98676.0,12247.0,42357.0,271821.0,10098.0,50880.0,3680.0
0.438,,,,,182883.0,99108.0,12186.0,42418.0,271695.0,10224.0,50796.0,3764.0
0.437,,,,,182441.0,99550.0,12113.0,42491.0,271558.0,10361.0,50723.0,3837.0
0.436,281904.0,15.0,54560.0,0.0,182040.0,99951.0,12045.0,42559.0,271402.0,10517.0,50638.0,3922.0
0.435,281902.0,17.0,54560.0,0.0,181608.0,100383.0,11957.0,42647.0,271248.0,10671.0,50561.0,3999.0
0.434,,,,,181193.0,100798.0,11884.0,42720.0,271093.0,10826.0,50490.0,4070.0
0.433,,,,,180798.0,101193.0,11806.0,42798.0,270945.0,10974.0,50422.0,4138.0
0.432,,,,,180360.0,101631.0,11743.0,42861.0,270788.0,11131.0,50346.0,4214.0
0.431,,,,,179925.0,102066.0,11686.0,42918.0,270651.0,11268.0,50264.0,4296.0
0.43,,,,,179468.0,102523.0,11627.0,42977.0,270485.0,11434.0,50183.0,4377.0
0.429,,,,,179036.0,102955.0,11567.0,43037.0,270328.0,11591.0,50110.0,4450.0
0.428,,,,,178574.0,103417.0,11508.0,43096.0,270174.0,11745.0,50028.0,4532.0
0.427,281899.0,20.0,54560.0,0.0,178126.0,103865.0,11439.0,43165.0,270009.0,11910.0,49926.0,4634.0
0.426,,,,,177669.0,104322.0,11382.0,43222.0,269848.0,12071.0,49823.0,4737.0
0.425,281898.0,21.0,54560.0,0.0,177241.0,104750.0,11302.0,43302.0,269698.0,12221.0,49736.0,4824.0
0.424,281896.0,23.0,54560.0,0.0,176782.0,105209.0,11215.0,43389.0,269540.0,12379.0,49653.0,4907.0
0.423,281893.0,26.0,54560.0,0.0,176355.0,105636.0,11145.0,43459.0,269364.0,12555.0,49577.0,4983.0
0.422,,,,,175947.0,106044.0,11075.0,43529.0,269196.0,12723.0,49488.0,5072.0
0.421,281892.0,27.0,54560.0,0.0,175521.0,106470.0,11019.0,43585.0,269019.0,12900.0,49388.0,5172.0
0.42,,,,,175137.0,106854.0,10942.0,43662.0,268849.0,13070.0,49279.0,5281.0
0.419,,,,,174726.0,107265.0,10879.0,43725.0,268668.0,13251.0,49169.0,5391.0
0.418,281891.0,28.0,54560.0,0.0,174297.0,107694.0,10815.0,43789.0,268470.0,13449.0,49084.0,5476.0
0.417,281890.0,29.0,54560.0,0.0,173872.0,108119.0,10741.0,43863.0,268277.0,13642.0,48985.0,5575.0
0.416,281888.0,31.0,54560.0,0.0,173457.0,108534.0,10668.0,43936.0,268130.0,13789.0,48896.0,5664.0
0.415,281887.0,32.0,54560.0,0.0,173036.0,108955.0,10605.0,43999.0,267940.0,13979.0,48780.0,5780.0
0.414,281886.0,33.0,54560.0,0.0,172584.0,109407.0,10550.0,44054.0,267745.0,14174.0,48692.0,5868.0
0.413,281884.0,35.0,54560.0,0.0,172155.0,109836.0,10484.0,44120.0,267544.0,14375.0,48589.0,5971.0
0.412,,,,,171770.0,110221.0,10441.0,44163.0,267331.0,14588.0,48492.0,6068.0
0.411,281883.0,36.0,54560.0,0.0,171367.0,110624.0,10385.0,44219.0,267117.0,14802.0,48385.0,6175.0
0.41,,,,,170935.0,111056.0,10335.0,44269.0,266912.0,15007.0,48272.0,6288.0
0.409,281881.0,38.0,54560.0,0.0,170531.0,111460.0,10273.0,44331.0,266706.0,15213.0,48152.0,6408.0
0.408,,,,,170111.0,111880.0,10220.0,44384.0,266514.0,15405.0,48032.0,6528.0
0.407,,,,,169700.0,112291.0,10149.0,44455.0,266292.0,15627.0,47941.0,6619.0
0.406,281877.0,42.0,54560.0,0.0,169338.0,112653.0,10109.0,44495.0,266079.0,15840.0,47820.0,6740.0
0.405,281874.0,45.0,54560.0,0.0,168996.0,112995.0,10069.0,44535.0,265859.0,16060.0,47692.0,6868.0
0.404,281873.0,46.0,54560.0,0.0,168616.0,113375.0,10032.0,44572.0,265639.0,16280.0,47589.0,6971.0
0.403,,,,,168241.0,113750.0,9977.0,44627.0,265430.0,16489.0,47464.0,7096.0
0.402,281869.0,50.0,54560.0,0.0,167872.0,114119.0,9928.0,44676.0,265226.0,16693.0,47340.0,7220.0
0.401,,,,,167489.0,114502.0,9863.0,44741.0,264996.0,16923.0,47235.0,7325.0
0.4,,,,,167121.0,114870.0,9813.0,44791.0,264768.0,17151.0,47128.0,7432.0
0.399,281868.0,51.0,54560.0,0.0,166733.0,115258.0,9767.0,44837.0,264545.0,17374.0,47020.0,7540.0
0.398,,,,,166346.0,115645.0,9700.0,44904.0,264307.0,17612.0,46884.0,7676.0
0.397,,,,,165978.0,116013.0,9658.0,44946.0,264092.0,17827.0,46780.0,7780.0
0.396,281866.0,53.0,54560.0,0.0,165607.0,116384.0,9613.0,44991.0,263849.0,18070.0,46653.0,7907.0
0.395,,,,,165184.0,116807.0,9563.0,45041.0,263600.0,18319.0,46532.0,8028.0
0.394,281864.0,55.0,54560.0,0.0,164837.0,117154.0,9504.0,45100.0,263365.0,18554.0,46420.0,8140.0
0.393,,,,,164516.0,117475.0,9451.0,45153.0,263106.0,18813.0,46285.0,8275.0
0.392,281861.0,58.0,54560.0,0.0,164153.0,117838.0,9404.0,45200.0,262855.0,19064.0,46157.0,8403.0
0.391,281857.0,62.0,54560.0,0.0,163831.0,118160.0,9340.0,45264.0,262605.0,19314.0,46015.0,8545.0
0.39,,,,,163457.0,118534.0,9303.0,45301.0,262352.0,19567.0,45876.0,8684.0
0.389,281854.0,65.0,54560.0,0.0,163093.0,118898.0,9262.0,45342.0,262107.0,19812.0,45734.0,8826.0
0.388,281853.0,66.0,54560.0,0.0,162713.0,119278.0,9198.0,45406.0,261835.0,20084.0,45608.0,8952.0
0.387,281850.0,69.0,54560.0,0.0,162315.0,119676.0,9148.0,45456.0,261584.0,20335.0,45475.0,9085.0
0.386,281846.0,73.0,54560.0,0.0,161933.0,120058.0,9099.0,45505.0,261288.0,20631.0,45356.0,9204.0
0.385,281845.0,74.0,54560.0,0.0,161542.0,120449.0,9048.0,45556.0,261017.0,20902.0,45226.0,9334.0
0.384,281844.0,75.0,54560.0,0.0,161216.0,120775.0,8978.0,45626.0,260744.0,21175.0,45100.0,9460.0
0.383,281841.0,78.0,54560.0,0.0,160865.0,121126.0,8928.0,45676.0,260476.0,21443.0,44940.0,9620.0
0.382,281840.0,79.0,54560.0,0.0,160509.0,121482.0,8881.0,45723.0,260218.0,21701.0,44786.0,9774.0
0.381,281835.0,84.0,54560.0,0.0,160149.0,121842.0,8834.0,45770.0,259935.0,21984.0,44656.0,9904.0
0.38,281832.0,87.0,54560.0,0.0,159821.0,122170.0,8774.0,45830.0,259655.0,22264.0,44510.0,10050.0
0.379,281831.0,88.0,54560.0,0.0,159485.0,122506.0,8722.0,45882.0,259378.0,22541.0,44364.0,10196.0
0.378,281830.0,89.0,54560.0,0.0,159160.0,122831.0,8669.0,45935.0,259101.0,22818.0,44211.0,10349.0
0.377,281828.0,91.0,54560.0,0.0,158812.0,123179.0,8605.0,45999.0,258824.0,23095.0,44081.0,10479.0
0.376,281825.0,94.0,54560.0,0.0,158498.0,123493.0,8548.0,46056.0,258549.0,23370.0,43928.0,10632.0
0.375,281822.0,97.0,54560.0,0.0,158145.0,123846.0,8506.0,46098.0,258245.0,23674.0,43761.0,10799.0
0.374,281821.0,98.0,54560.0,0.0,157774.0,124217.0,8459.0,46145.0,257968.0,23951.0,43604.0,10956.0
0.373,281820.0,99.0,54560.0,0.0,157396.0,124595.0,8414.0,46190.0,257697.0,24222.0,43451.0,11109.0
0.372,281819.0,100.0,54560.0,0.0,157034.0,124957.0,8367.0,46237.0,257376.0,24543.0,43317.0,11243.0
0.371,281817.0,102.0,54560.0,0.0,156677.0,125314.0,8329.0,46275.0,257070.0,24849.0,43167.0,11393.0
0.37,281815.0,104.0,54560.0,0.0,156359.0,125632.0,8293.0,46311.0,256766.0,25153.0,43041.0,11519.0
0.369,281813.0,106.0,54560.0,0.0,156022.0,125969.0,8258.0,46346.0,256451.0,25468.0,42876.0,11684.0
0.368,281807.0,112.0,54560.0,0.0,155673.0,126318.0,8212.0,46392.0,256108.0,25811.0,42711.0,11849.0
0.367,281804.0,115.0,54559.0,1.0,155373.0,126618.0,8164.0,46440.0,255818.0,26101.0,42561.0,11999.0
0.366,281799.0,120.0,54558.0,2.0,155044.0,126947.0,8118.0,46486.0,255471.0,26448.0,42405.0,12155.0
0.365,281798.0,121.0,54558.0,2.0,154718.0,127273.0,8077.0,46527.0,255124.0,26795.0,42256.0,12304.0
0.364,281792.0,127.0,54558.0,2.0,154408.0,127583.0,8034.0,46570.0,254800.0,27119.0,42111.0,12449.0
0.363,281787.0,132.0,54558.0,2.0,154070.0,127921.0,7989.0,46615.0,254447.0,27472.0,41958.0,12602.0
0.362,281783.0,136.0,54558.0,2.0,153740.0,128251.0,7941.0,46663.0,254080.0,27839.0,41801.0,12759.0
0.361,281782.0,137.0,54558.0,2.0,153437.0,128554.0,7908.0,46696.0,253735.0,28184.0,41651.0,12909.0
0.36,281779.0,140.0,54556.0,4.0,153122.0,128869.0,7869.0,46735.0,253381.0,28538.0,41507.0,13053.0
0.359,281777.0,142.0,54555.0,5.0,152795.0,129196.0,7830.0,46774.0,253052.0,28867.0,41339.0,13221.0
0.358,281775.0,144.0,54554.0,6.0,152464.0,129527.0,7779.0,46825.0,252692.0,29227.0,41175.0,13385.0
0.357,281772.0,147.0,54552.0,8.0,152177.0,129814.0,7726.0,46878.0,252348.0,29571.0,41020.0,13540.0
0.356,281767.0,152.0,54551.0,9.0,151867.0,130124.0,7678.0,46926.0,251985.0,29934.0,40858.0,13702.0
0.355,281764.0,155.0,54549.0,11.0,151595.0,130396.0,7625.0,46979.0,251634.0,30285.0,40703.0,13857.0
0.354,281759.0,160.0,54549.0,11.0,151292.0,130699.0,7572.0,47032.0,251238.0,30681.0,40534.0,14026.0
0.353,281755.0,164.0,54548.0,12.0,151004.0,130987.0,7520.0,47084.0,250902.0,31017.0,40384.0,14176.0
0.352,281754.0,165.0,54546.0,14.0,150698.0,131293.0,7461.0,47143.0,250538.0,31381.0,40178.0,14382.0
0.351,281750.0,169.0,54546.0,14.0,150405.0,131586.0,7404.0,47200.0,250134.0,31785.0,39986.0,14574.0
0.35,281747.0,172.0,54546.0,14.0,150081.0,131910.0,7355.0,47249.0,249756.0,32163.0,39806.0,14754.0
0.349,281744.0,175.0,54545.0,15.0,149759.0,132232.0,7303.0,47301.0,249375.0,32544.0,39640.0,14920.0
0.348,281740.0,179.0,54544.0,16.0,149452.0,132539.0,7262.0,47342.0,249005.0,32914.0,39465.0,15095.0
0.347,281739.0,180.0,54543.0,17.0,149171.0,132820.0,7221.0,47383.0,248615.0,33304.0,39284.0,15276.0
0.346,281733.0,186.0,54543.0,17.0,148879.0,133112.0,7180.0,47424.0,248186.0,33733.0,39107.0,15453.0
0.345,281730.0,189.0,54543.0,17.0,148590.0,133401.0,7127.0,47477.0,247798.0,34121.0,38919.0,15641.0
0.344,281721.0,198.0,54543.0,17.0,148283.0,133708.0,7092.0,47512.0,247401.0,34518.0,38760.0,15800.0
0.343,281716.0,203.0,54543.0,17.0,147961.0,134030.0,7043.0,47561.0,246991.0,34928.0,38592.0,15968.0
0.342,281706.0,213.0,54543.0,17.0,147603.0,134388.0,6997.0,47607.0,246606.0,35313.0,38381.0,16179.0
0.341,281702.0,217.0,54542.0,18.0,147295.0,134696.0,6961.0,47643.0,246189.0,35730.0,38216.0,16344.0
0.34,281699.0,220.0,54542.0,18.0,147013.0,134978.0,6914.0,47690.0,245764.0,36155.0,38039.0,16521.0
0.339,281693.0,226.0,54541.0,19.0,146723.0,135268.0,6863.0,47741.0,245352.0,36567.0,37866.0,16694.0
0.338,281686.0,233.0,54539.0,21.0,146421.0,135570.0,6819.0,47785.0,244959.0,36960.0,37670.0,16890.0
0.337,281684.0,235.0,54539.0,21.0,146149.0,135842.0,6788.0,47816.0,244520.0,37399.0,37497.0,17063.0
0.336,281680.0,239.0,54539.0,21.0,145868.0,136123.0,6747.0,47857.0,244100.0,37819.0,37315.0,17245.0
0.335,281677.0,242.0,54539.0,21.0,145570.0,136421.0,6697.0,47907.0,243650.0,38269.0,37137.0,17423.0
0.334,281674.0,245.0,54538.0,22.0,145298.0,136693.0,6659.0,47945.0,243198.0,38721.0,36941.0,17619.0
0.333,281666.0,253.0,54538.0,22.0,145001.0,136990.0,6604.0,48000.0,242780.0,39139.0,36734.0,17826.0
0.332,281663.0,256.0,54538.0,22.0,144699.0,137292.0,6569.0,48035.0,242343.0,39576.0,36536.0,18024.0
0.331,281661.0,258.0,54537.0,23.0,144394.0,137597.0,6528.0,48076.0,241883.0,40036.0,36353.0,18207.0
0.33,281654.0,265.0,54537.0,23.0,144087.0,137904.0,6500.0,48104.0,241449.0,40470.0,36143.0,18417.0
0.329,281652.0,267.0,54537.0,23.0,143796.0,138195.0,6463.0,48141.0,241047.0,40872.0,35935.0,18625.0
0.328,281647.0,272.0,54535.0,25.0,143526.0,138465.0,6430.0,48174.0,240613.0,41306.0,35761.0,18799.0
0.327,281643.0,276.0,54535.0,25.0,143239.0,138752.0,6401.0,48203.0,240151.0,41768.0,35584.0,18976.0
0.326,281638.0,281.0,54535.0,25.0,142939.0,139052.0,6364.0,48240.0,239635.0,42284.0,35367.0,19193.0
0.325,281634.0,285.0,54534.0,26.0,142629.0,139362.0,6334.0,48270.0,239192.0,42727.0,35177.0,19383.0
0.324,281628.0,291.0,54533.0,27.0,142353.0,139638.0,6300.0,48304.0,238714.0,43205.0,35001.0,19559.0
0.323,281625.0,294.0,54532.0,28.0,142049.0,139942.0,6273.0,48331.0,238229.0,43690.0,34802.0,19758.0
0.322,281615.0,304.0,54531.0,29.0,141730.0,140261.0,6245.0,48359.0,237755.0,44164.0,34604.0,19956.0
0.321,281605.0,314.0,54530.0,30.0,141421.0,140570.0,6219.0,48385.0,237281.0,44638.0,34396.0,20164.0
0.32,281600.0,319.0,54528.0,32.0,141104.0,140887.0,6189.0,48415.0,236814.0,45105.0,34183.0,20377.0
0.319,281594.0,325.0,54526.0,34.0,140784.0,141207.0,6162.0,48442.0,236281.0,45638.0,33982.0,20578.0
0.318,281588.0,331.0,54524.0,36.0,140459.0,141532.0,6125.0,48479.0,235784.0,46135.0,33773.0,20787.0
0.317,281583.0,336.0,54522.0,38.0,140154.0,141837.0,6084.0,48520.0,235271.0,46648.0,33576.0,20984.0
0.316,281578.0,341.0,54521.0,39.0,139849.0,142142.0,6047.0,48557.0,234748.0,47171.0,33365.0,21195.0
0.315,281571.0,348.0,54518.0,42.0,139513.0,142478.0,6014.0,48590.0,234218.0,47701.0,33165.0,21395.0
0.314,281567.0,352.0,54515.0,45.0,139195.0,142796.0,5976.0,48628.0,233685.0,48234.0,32940.0,21620.0
0.313,281560.0,359.0,54514.0,46.0,138893.0,143098.0,5938.0,48666.0,233179.0,48740.0,32746.0,21814.0
0.312,281555.0,364.0,54514.0,46.0,138566.0,143425.0,5904.0,48700.0,232633.0,49286.0,32530.0,22030.0
0.311,281550.0,369.0,54513.0,47.0,138197.0,143794.0,5867.0,48737.0,232094.0,49825.0,32304.0,22256.0
0.31,281540.0,379.0,54511.0,49.0,137897.0,144094.0,5836.0,48768.0,231578.0,50341.0,32093.0,22467.0
0.309,281533.0,386.0,54506.0,54.0,137570.0,144421.0,5800.0,48804.0,231048.0,50871.0,31882.0,22678.0
0.308,281525.0,394.0,54505.0,55.0,137267.0,144724.0,5770.0,48834.0,230437.0,51482.0,31678.0,22882.0
0.307,281519.0,400.0,54503.0,57.0,136921.0,145070.0,5732.0,48872.0,229888.0,52031.0,31449.0,23111.0
0.306,281512.0,407.0,54499.0,61.0,136643.0,145348.0,5689.0,48915.0,229318.0,52601.0,31237.0,23323.0
0.305,281503.0,416.0,54495.0,65.0,136329.0,145662.0,5658.0,48946.0,228746.0,53173.0,31027.0,23533.0
0.304,281496.0,423.0,54491.0,69.0,136036.0,145955.0,5621.0,48983.0,228129.0,53790.0,30797.0,23763.0
0.303,281490.0,429.0,54488.0,72.0,135777.0,146214.0,5590.0,49014.0,227543.0,54376.0,30574.0,23986.0
0.302,281478.0,441.0,54486.0,74.0,135483.0,146508.0,5558.0,49046.0,226981.0,54938.0,30353.0,24207.0
0.301,281470.0,449.0,54486.0,74.0,135167.0,146824.0,5532.0,49072.0,226427.0,55492.0,30137.0,24423.0
0.3,281459.0,460.0,54484.0,76.0,134895.0,147096.0,5507.0,49097.0,225833.0,56086.0,29904.0,24656.0
0.299,281450.0,469.0,54482.0,78.0,134564.0,147427.0,5475.0,49129.0,225251.0,56668.0,29704.0,24856.0
0.298,281442.0,477.0,54477.0,83.0,134247.0,147744.0,5443.0,49161.0,224675.0,57244.0,29496.0,25064.0
0.297,281428.0,491.0,54475.0,85.0,133925.0,148066.0,5415.0,49189.0,224066.0,57853.0,29280.0,25280.0
0.296,281417.0,502.0,54472.0,88.0,133645.0,148346.0,5383.0,49221.0,223383.0,58536.0,29064.0,25496.0
0.295,281407.0,512.0,54467.0,93.0,133358.0,148633.0,5357.0,49247.0,222726.0,59193.0,28846.0,25714.0
0.294,281400.0,519.0,54465.0,95.0,133054.0,148937.0,5326.0,49278.0,222067.0,59852.0,28646.0,25914.0
0.293,281390.0,529.0,54463.0,97.0,132728.0,149263.0,5297.0,49307.0,221454.0,60465.0,28412.0,26148.0
0.292,281376.0,543.0,54460.0,100.0,132427.0,149564.0,5263.0,49341.0,220818.0,61101.0,28221.0,26339.0
0.291,281362.0,557.0,54458.0,102.0,132117.0,149874.0,5231.0,49373.0,220208.0,61711.0,28029.0,26531.0
0.29,281346.0,573.0,54453.0,107.0,131821.0,150170.0,5192.0,49412.0,219554.0,62365.0,27805.0,26755.0
0.289,281340.0,579.0,54448.0,112.0,131510.0,150481.0,5152.0,49452.0,218938.0,62981.0,27588.0,26972.0
0.288,281328.0,591.0,54445.0,115.0,131192.0,150799.0,5114.0,49490.0,218219.0,63700.0,27374.0,27186.0
0.287,281315.0,604.0,54443.0,117.0,130881.0,151110.0,5082.0,49522.0,217513.0,64406.0,27169.0,27391.0
0.286,281302.0,617.0,54436.0,124.0,130553.0,151438.0,5057.0,49547.0,216805.0,65114.0,26943.0,27617.0
0.285,281294.0,625.0,54433.0,127.0,130241.0,151750.0,5032.0,49572.0,216098.0,65821.0,26740.0,27820.0
0.284,281278.0,641.0,54427.0,133.0,129883.0,152108.0,5004.0,49600.0,215417.0,66502.0,26516.0,28044.0
0.283,281260.0,659.0,54421.0,139.0,129570.0,152421.0,4970.0,49634.0,214714.0,67205.0,26289.0,28271.0
0.282,281247.0,672.0,54414.0,146.0,129242.0,152749.0,4938.0,49666.0,214083.0,67836.0,26101.0,28459.0
0.281,281232.0,687.0,54410.0,150.0,128923.0,153068.0,4908.0,49696.0,213399.0,68520.0,25902.0,28658.0
0.28,281207.0,712.0,54407.0,153.0,128551.0,153440.0,4864.0,49740.0,212698.0,69221.0,25701.0,28859.0
0.279,281195.0,724.0,54403.0,157.0,128233.0,153758.0,4823.0,49781.0,212029.0,69890.0,25494.0,29066.0
0.278,281180.0,739.0,54401.0,159.0,127917.0,154074.0,4792.0,49812.0,211288.0,70631.0,25273.0,29287.0
0.277,281158.0,761.0,54398.0,162.0,127611.0,154380.0,4753.0,49851.0,210604.0,71315.0,25052.0,29508.0
0.276,280641.0,1278.0,54152.0,408.0,127273.0,154718.0,4723.0,49881.0,209853.0,72066.0,24846.0,29714.0
0.275,280627.0,1292.0,54147.0,413.0,126980.0,155011.0,4695.0,49909.0,209152.0,72767.0,24626.0,29934.0
0.274,280617.0,1302.0,54142.0,418.0,126657.0,155334.0,4667.0,49937.0,208392.0,73527.0,24404.0,30156.0
0.273,280607.0,1312.0,54138.0,422.0,126356.0,155635.0,4635.0,49969.0,207633.0,74286.0,24208.0,30352.0
0.272,280595.0,1324.0,54137.0,423.0,126042.0,155949.0,4599.0,50005.0,206869.0,75050.0,23983.0,30577.0
0.271,280583.0,1336.0,54129.0,431.0,125688.0,156303.0,4574.0,50030.0,206095.0,75824.0,23755.0,30805.0
0.27,280555.0,1364.0,54128.0,432.0,125366.0,156625.0,4542.0,50062.0,205327.0,76592.0,23548.0,31012.0
0.269,280542.0,1377.0,54122.0,438.0,125020.0,156971.0,4514.0,50090.0,204602.0,77317.0,23331.0,31229.0
0.268,280525.0,1394.0,54119.0,441.0,124697.0,157294.0,4473.0,50131.0,203811.0,78108.0,23125.0,31435.0
0.267,280504.0,1415.0,54114.0,446.0,124345.0,157646.0,4444.0,50160.0,202991.0,78928.0,22911.0,31649.0
0.266,280485.0,1434.0,54110.0,450.0,123994.0,157997.0,4414.0,50190.0,202239.0,79680.0,22694.0,31866.0
0.265,280469.0,1450.0,54106.0,454.0,123659.0,158332.0,4390.0,50214.0,201473.0,80446.0,22474.0,32086.0
0.264,280448.0,1471.0,54105.0,455.0,123307.0,158684.0,4366.0,50238.0,200678.0,81241.0,22254.0,32306.0
0.263,280428.0,1491.0,54102.0,458.0,122972.0,159019.0,4337.0,50267.0,199899.0,82020.0,22059.0,32501.0
0.262,280408.0,1511.0,54096.0,464.0,122636.0,159355.0,4313.0,50291.0,199074.0,82845.0,21839.0,32721.0
0.261,280390.0,1529.0,54092.0,468.0,122338.0,159653.0,4281.0,50323.0,198273.0,83646.0,21608.0,32952.0
0.26,280372.0,1547.0,54084.0,476.0,121976.0,160015.0,4240.0,50364.0,197443.0,84476.0,21395.0,33165.0
0.259,280359.0,1560.0,54078.0,482.0,121627.0,160364.0,4189.0,50415.0,196617.0,85302.0,21199.0,33361.0
0.258,280343.0,1576.0,54076.0,484.0,121268.0,160723.0,4149.0,50455.0,195812.0,86107.0,21003.0,33557.0
0.257,280329.0,1590.0,54075.0,485.0,120929.0,161062.0,4124.0,50480.0,194953.0,86966.0,20823.0,33737.0
0.256,280312.0,1607.0,54072.0,488.0,120582.0,161409.0,4097.0,50507.0,194165.0,87754.0,20605.0,33955.0
0.255,280292.0,1627.0,54070.0,490.0,120229.0,161762.0,4080.0,50524.0,193298.0,88621.0,20396.0,34164.0
0.254,280271.0,1648.0,54063.0,497.0,119871.0,162120.0,4046.0,50558.0,192395.0,89524.0,20206.0,34354.0
0.253,280250.0,1669.0,54057.0,503.0,119501.0,162490.0,4009.0,50595.0,191534.0,90385.0,20000.0,34560.0
0.252,280234.0,1685.0,54052.0,508.0,119136.0,162855.0,3981.0,50623.0,190677.0,91242.0,19806.0,34754.0
0.251,280220.0,1699.0,54048.0,512.0,118784.0,163207.0,3963.0,50641.0,189804.0,92115.0,19623.0,34937.0
0.25,280200.0,1719.0,54047.0,513.0,118439.0,163552.0,3938.0,50666.0,188831.0,93088.0,19404.0,35156.0
0.249,280175.0,1744.0,54038.0,522.0,118074.0,163917.0,3916.0,50688.0,187994.0,93925.0,19205.0,35355.0
0.248,280155.0,1764.0,54032.0,528.0,117724.0,164267.0,3899.0,50705.0,187137.0,94782.0,19037.0,35523.0
0.247,280136.0,1783.0,54026.0,534.0,117360.0,164631.0,3873.0,50731.0,186239.0,95680.0,18830.0,35730.0
0.246,280104.0,1815.0,54015.0,545.0,117003.0,164988.0,3853.0,50751.0,185347.0,96572.0,18629.0,35931.0
0.245,280081.0,1838.0,54008.0,552.0,116660.0,165331.0,3831.0,50773.0,184453.0,97466.0,18413.0,36147.0
0.244,280058.0,1861.0,54006.0,554.0,116306.0,165685.0,3811.0,50793.0,183565.0,98354.0,18203.0,36357.0
0.243,280035.0,1884.0,53998.0,562.0,115938.0,166053.0,3787.0,50817.0,182597.0,99322.0,18002.0,36558.0
0.242,280021.0,1898.0,53991.0,569.0,115558.0,166433.0,3762.0,50842.0,181661.0,100258.0,17792.0,36768.0
0.241,279997.0,1922.0,53984.0,576.0,115186.0,166805.0,3735.0,50869.0,180727.0,101192.0,17558.0,37002.0
0.24,279969.0,1950.0,53978.0,582.0,114809.0,167182.0,3711.0,50893.0,179813.0,102106.0,17328.0,37232.0
0.239,279940.0,1979.0,53965.0,595.0,114453.0,167538.0,3686.0,50918.0,178854.0,103065.0,17134.0,37426.0
0.238,279919.0,2000.0,53950.0,610.0,114094.0,167897.0,3661.0,50943.0,177900.0,104019.0,16901.0,37659.0
0.237,279899.0,2020.0,53941.0,619.0,113756.0,168235.0,3639.0,50965.0,176966.0,104953.0,16688.0,37872.0
0.236,279869.0,2050.0,53933.0,627.0,113368.0,168623.0,3610.0,50994.0,176041.0,105878.0,16484.0,38076.0
0.235,279841.0,2078.0,53924.0,636.0,112998.0,168993.0,3585.0,51019.0,175102.0,106817.0,16289.0,38271.0
0.234,279813.0,2106.0,53917.0,643.0,112624.0,169367.0,3567.0,51037.0,174158.0,107761.0,16105.0,38455.0
0.233,279774.0,2145.0,53907.0,653.0,112237.0,169754.0,3549.0,51055.0,173152.0,108767.0,15900.0,38660.0
0.232,279755.0,2164.0,53898.0,662.0,111882.0,170109.0,3533.0,51071.0,172135.0,109784.0,15716.0,38844.0
0.231,279725.0,2194.0,53892.0,668.0,111476.0,170515.0,3499.0,51105.0,171157.0,110762.0,15497.0,39063.0
0.23,279704.0,2215.0,53884.0,676.0,111105.0,170886.0,3473.0,51131.0,170188.0,111731.0,15304.0,39256.0
0.229,279677.0,2242.0,53873.0,687.0,110715.0,171276.0,3445.0,51159.0,169201.0,112718.0,15100.0,39460.0
0.228,279656.0,2263.0,53861.0,699.0,110350.0,171641.0,3431.0,51173.0,168222.0,113697.0,14928.0,39632.0
0.227,279630.0,2289.0,53850.0,710.0,109955.0,172036.0,3414.0,51190.0,167213.0,114706.0,14740.0,39820.0
0.226,279608.0,2311.0,53837.0,723.0,109571.0,172420.0,3394.0,51210.0,166252.0,115667.0,14535.0,40025.0
0.225,279589.0,2330.0,53822.0,738.0,109183.0,172808.0,3369.0,51235.0,165256.0,116663.0,14313.0,40247.0
0.224,279562.0,2357.0,53817.0,743.0,108804.0,173187.0,3354.0,51250.0,164214.0,117705.0,14117.0,40443.0
0.223,279537.0,2382.0,53810.0,750.0,108429.0,173562.0,3331.0,51273.0,163175.0,118744.0,13923.0,40637.0
0.222,279509.0,2410.0,53801.0,759.0,108054.0,173937.0,3306.0,51298.0,162133.0,119786.0,13752.0,40808.0
0.221,279478.0,2441.0,53794.0,766.0,107674.0,174317.0,3291.0,51313.0,161119.0,120800.0,13558.0,41002.0
0.22,279449.0,2470.0,53784.0,776.0,107297.0,174694.0,3264.0,51340.0,160099.0,121820.0,13397.0,41163.0
0.219,279430.0,2489.0,53772.0,788.0,106930.0,175061.0,3243.0,51361.0,159114.0,122805.0,13221.0,41339.0
0.218,279397.0,2522.0,53764.0,796.0,106556.0,175435.0,3220.0,51384.0,158070.0,123849.0,13044.0,41516.0
0.217,278816.0,3103.0,53448.0,1112.0,106195.0,175796.0,3196.0,51408.0,157031.0,124888.0,12865.0,41695.0
0.216,278784.0,3135.0,53440.0,1120.0,105826.0,176165.0,3175.0,51429.0,155970.0,125949.0,12675.0,41885.0
0.215,278753.0,3166.0,53435.0,1125.0,105427.0,176564.0,3156.0,51448.0,154976.0,126943.0,12475.0,42085.0
0.214,278727.0,3192.0,53422.0,1138.0,105054.0,176937.0,3130.0,51474.0,153860.0,128059.0,12278.0,42282.0
0.213,278703.0,3216.0,53415.0,1145.0,104700.0,177291.0,3111.0,51493.0,152801.0,129118.0,12114.0,42446.0
0.212,278672.0,3247.0,53408.0,1152.0,104312.0,177679.0,3092.0,51512.0,151737.0,130182.0,11940.0,42620.0
0.211,278628.0,3291.0,53401.0,1159.0,103947.0,178044.0,3065.0,51539.0,150696.0,131223.0,11778.0,42782.0
0.21,278589.0,3330.0,53390.0,1170.0,103544.0,178447.0,3044.0,51560.0,149594.0,132325.0,11628.0,42932.0
0.209,278555.0,3364.0,53379.0,1181.0,103132.0,178859.0,3014.0,51590.0,148545.0,133374.0,11476.0,43084.0
0.208,278518.0,3401.0,53362.0,1198.0,102742.0,179249.0,3004.0,51600.0,147450.0,134469.0,11320.0,43240.0
0.207,278480.0,3439.0,53351.0,1209.0,102328.0,179663.0,2982.0,51622.0,146273.0,135646.0,11174.0,43386.0
0.206,278437.0,3482.0,53344.0,1216.0,101973.0,180018.0,2960.0,51644.0,145196.0,136723.0,11021.0,43539.0
0.205,278400.0,3519.0,53334.0,1226.0,101580.0,180411.0,2941.0,51663.0,144144.0,137775.0,10873.0,43687.0
0.204,278357.0,3562.0,53323.0,1237.0,101168.0,180823.0,2926.0,51678.0,142956.0,138963.0,10721.0,43839.0
0.203,278302.0,3617.0,53311.0,1249.0,100778.0,181213.0,2904.0,51700.0,141842.0,140077.0,10547.0,44013.0
0.202,278261.0,3658.0,53296.0,1264.0,100354.0,181637.0,2886.0,51718.0,140666.0,141253.0,10394.0,44166.0
0.201,278227.0,3692.0,53283.0,1277.0,99965.0,182026.0,2853.0,51751.0,139496.0,142423.0,10254.0,44306.0
0.2,278185.0,3734.0,53266.0,1294.0,99574.0,182417.0,2836.0,51768.0,138419.0,143500.0,10096.0,44464.0
0.199,278135.0,3784.0,53251.0,1309.0,99148.0,182843.0,2814.0,51790.0,137300.0,144619.0,9951.0,44609.0
0.198,278078.0,3841.0,53229.0,1331.0,98761.0,183230.0,2786.0,51818.0,136170.0,145749.0,9795.0,44765.0
0.197,278045.0,3874.0,53208.0,1352.0,98368.0,183623.0,2761.0,51843.0,135086.0,146833.0,9655.0,44905.0
0.196,277992.0,3927.0,53190.0,1370.0,97966.0,184025.0,2740.0,51864.0,133932.0,147987.0,9504.0,45056.0
0.195,277918.0,4001.0,53173.0,1387.0,97564.0,184427.0,2723.0,51881.0,132787.0,149132.0,9384.0,45176.0
0.194,277864.0,4055.0,53149.0,1411.0,97158.0,184833.0,2696.0,51908.0,131687.0,150232.0,9228.0,45332.0
0.193,277783.0,4136.0,53126.0,1434.0,96755.0,185236.0,2673.0,51931.0,130604.0,151315.0,9081.0,45479.0
0.192,277731.0,4188.0,53103.0,1457.0,96403.0,185588.0,2651.0,51953.0,129485.0,152434.0,8948.0,45612.0
0.191,277662.0,4257.0,53083.0,1477.0,95979.0,186012.0,2629.0,51975.0,128306.0,153613.0,8802.0,45758.0
0.19,277591.0,4328.0,53065.0,1495.0,95541.0,186450.0,2602.0,52002.0,127210.0,154709.0,8695.0,45865.0
0.189,277517.0,4402.0,53042.0,1518.0,95141.0,186850.0,2585.0,52019.0,126059.0,155860.0,8570.0,45990.0
0.188,277468.0,4451.0,53025.0,1535.0,94727.0,187264.0,2561.0,52043.0,124921.0,156998.0,8434.0,46126.0
0.187,277402.0,4517.0,53002.0,1558.0,94322.0,187669.0,2531.0,52073.0,123875.0,158044.0,8326.0,46234.0
0.186,277326.0,4593.0,52985.0,1575.0,93900.0,188091.0,2502.0,52102.0,122755.0,159164.0,8203.0,46357.0
0.185,277273.0,4646.0,52962.0,1598.0,93498.0,188493.0,2469.0,52135.0,121626.0,160293.0,8071.0,46489.0
0.184,277213.0,4706.0,52939.0,1621.0,93085.0,188906.0,2438.0,52166.0,120478.0,161441.0,7935.0,46625.0
0.183,277158.0,4761.0,52914.0,1646.0,92685.0,189306.0,2414.0,52190.0,119365.0,162554.0,7788.0,46772.0
0.182,277101.0,4818.0,52884.0,1676.0,92268.0,189723.0,2386.0,52218.0,118270.0,163649.0,7659.0,46901.0
0.181,277039.0,4880.0,52856.0,1704.0,91864.0,190127.0,2360.0,52244.0,117142.0,164777.0,7522.0,47038.0
0.18,276975.0,4944.0,52832.0,1728.0,91448.0,190543.0,2342.0,52262.0,116005.0,165914.0,7401.0,47159.0
0.179,276908.0,5011.0,52810.0,1750.0,91000.0,190991.0,2322.0,52282.0,114860.0,167059.0,7283.0,47277.0
0.178,276843.0,5076.0,52784.0,1776.0,90531.0,191460.0,2306.0,52298.0,113746.0,168173.0,7169.0,47391.0
0.177,276781.0,5138.0,52758.0,1802.0,90108.0,191883.0,2282.0,52322.0,112640.0,169279.0,7051.0,47509.0
0.176,276728.0,5191.0,52734.0,1826.0,89671.0,192320.0,2269.0,52335.0,111550.0,170369.0,6931.0,47629.0
0.175,276659.0,5260.0,52714.0,1846.0,89244.0,192747.0,2257.0,52347.0,110428.0,171491.0,6824.0,47736.0
0.174,276595.0,5324.0,52678.0,1882.0,88800.0,193191.0,2224.0,52380.0,109285.0,172634.0,6716.0,47844.0
0.173,276528.0,5391.0,52649.0,1911.0,88374.0,193617.0,2202.0,52402.0,108155.0,173764.0,6607.0,47953.0
0.172,276444.0,5475.0,52611.0,1949.0,87952.0,194039.0,2179.0,52425.0,107071.0,174848.0,6509.0,48051.0
0.171,276378.0,5541.0,52577.0,1983.0,87491.0,194500.0,2163.0,52441.0,105968.0,175951.0,6402.0,48158.0
0.17,276308.0,5611.0,52545.0,2015.0,87036.0,194955.0,2140.0,52464.0,104819.0,177100.0,6292.0,48268.0
0.169,276241.0,5678.0,52508.0,2052.0,86585.0,195406.0,2125.0,52479.0,103679.0,178240.0,6186.0,48374.0
0.168,276170.0,5749.0,52482.0,2078.0,86141.0,195850.0,2107.0,52497.0,102551.0,179368.0,6087.0,48473.0
0.167,276090.0,5829.0,52449.0,2111.0,85681.0,196310.0,2086.0,52518.0,101453.0,180466.0,5968.0,48592.0
0.166,276025.0,5894.0,52417.0,2143.0,85209.0,196782.0,2057.0,52547.0,100362.0,181557.0,5844.0,48716.0
0.165,275950.0,5969.0,52379.0,2181.0,84783.0,197208.0,2026.0,52578.0,99297.0,182622.0,5723.0,48837.0
0.164,275878.0,6041.0,52342.0,2218.0,84329.0,197662.0,2005.0,52599.0,98210.0,183709.0,5631.0,48929.0
0.163,275805.0,6114.0,52312.0,2248.0,83852.0,198139.0,1986.0,52618.0,97055.0,184864.0,5524.0,49036.0
0.162,275735.0,6184.0,52274.0,2286.0,83363.0,198628.0,1969.0,52635.0,95970.0,185949.0,5438.0,49122.0
0.161,275649.0,6270.0,52249.0,2311.0,82920.0,199071.0,1946.0,52658.0,94915.0,187004.0,5354.0,49206.0
0.16,275575.0,6344.0,52213.0,2347.0,82463.0,199528.0,1925.0,52679.0,93887.0,188032.0,5238.0,49322.0
0.159,275495.0,6424.0,52181.0,2379.0,82005.0,199986.0,1915.0,52689.0,92832.0,189087.0,5145.0,49415.0
0.158,275423.0,6496.0,52137.0,2423.0,81523.0,200468.0,1901.0,52703.0,91767.0,190152.0,5072.0,49488.0
0.157,275332.0,6587.0,52097.0,2463.0,81015.0,200976.0,1881.0,52723.0,90648.0,191271.0,4951.0,49609.0
0.156,275254.0,6665.0,52068.0,2492.0,80556.0,201435.0,1856.0,52748.0,89625.0,192294.0,4844.0,49716.0
0.155,275163.0,6756.0,52032.0,2528.0,80089.0,201902.0,1839.0,52765.0,88528.0,193391.0,4740.0,49820.0
0.154,275092.0,6827.0,51990.0,2570.0,79580.0,202411.0,1820.0,52784.0,87449.0,194470.0,4641.0,49919.0
0.153,275019.0,6900.0,51949.0,2611.0,79101.0,202890.0,1796.0,52808.0,86420.0,195499.0,4552.0,50008.0
0.152,274942.0,6977.0,51918.0,2642.0,78600.0,203391.0,1773.0,52831.0,85344.0,196575.0,4462.0,50098.0
0.151,274855.0,7064.0,51878.0,2682.0,78112.0,203879.0,1754.0,52850.0,84265.0,197654.0,4374.0,50186.0
0.15,274778.0,7141.0,51828.0,2732.0,77632.0,204359.0,1739.0,52865.0,83246.0,198673.0,4292.0,50268.0
0.149,274704.0,7215.0,51785.0,2775.0,77158.0,204833.0,1713.0,52891.0,82242.0,199677.0,4206.0,50354.0
0.148,274609.0,7310.0,51744.0,2816.0,76657.0,205334.0,1686.0,52918.0,81213.0,200706.0,4126.0,50434.0
0.147,274499.0,7420.0,51710.0,2850.0,76172.0,205819.0,1678.0,52926.0,80221.0,201698.0,4038.0,50522.0
0.146,274415.0,7504.0,51666.0,2894.0,75689.0,206302.0,1662.0,52942.0,79172.0,202747.0,3950.0,50610.0
0.145,274307.0,7612.0,51624.0,2936.0,75190.0,206801.0,1641.0,52963.0,78114.0,203805.0,3870.0,50690.0
0.144,274208.0,7711.0,51589.0,2971.0,74707.0,207284.0,1619.0,52985.0,77086.0,204833.0,3789.0,50771.0
0.143,274117.0,7802.0,51543.0,3017.0,74241.0,207750.0,1599.0,53005.0,76055.0,205864.0,3706.0,50854.0
0.142,274030.0,7889.0,51504.0,3056.0,73787.0,208204.0,1587.0,53017.0,75097.0,206822.0,3617.0,50943.0
0.141,273907.0,8012.0,51462.0,3098.0,73308.0,208683.0,1565.0,53039.0,74096.0,207823.0,3533.0,51027.0
0.14,273806.0,8113.0,51421.0,3139.0,72801.0,209190.0,1542.0,53062.0,73099.0,208820.0,3454.0,51106.0
0.139,273678.0,8241.0,51381.0,3179.0,72329.0,209662.0,1514.0,53090.0,72144.0,209775.0,3393.0,51167.0
0.138,273578.0,8341.0,51326.0,3234.0,71850.0,210141.0,1489.0,53115.0,71162.0,210757.0,3340.0,51220.0
0.137,273461.0,8458.0,51267.0,3293.0,71392.0,210599.0,1466.0,53138.0,70237.0,211682.0,3273.0,51287.0
0.136,273353.0,8566.0,51230.0,3330.0,70918.0,211073.0,1447.0,53157.0,69256.0,212663.0,3214.0,51346.0
0.135,273222.0,8697.0,51188.0,3372.0,70423.0,211568.0,1431.0,53173.0,68294.0,213625.0,3149.0,51411.0
0.134,273109.0,8810.0,51132.0,3428.0,69937.0,212054.0,1407.0,53197.0,67305.0,214614.0,3089.0,51471.0
0.133,272975.0,8944.0,51091.0,3469.0,69417.0,212574.0,1382.0,53222.0,66386.0,215533.0,3020.0,51540.0
0.132,272854.0,9065.0,51047.0,3513.0,68938.0,213053.0,1356.0,53248.0,65477.0,216442.0,2956.0,51604.0
0.131,272724.0,9195.0,50986.0,3574.0,68438.0,213553.0,1331.0,53273.0,64524.0,217395.0,2904.0,51656.0
0.13,272607.0,9312.0,50927.0,3633.0,67914.0,214077.0,1312.0,53292.0,63604.0,218315.0,2837.0,51723.0
0.129,272473.0,9446.0,50879.0,3681.0,67409.0,214582.0,1288.0,53316.0,62635.0,219284.0,2780.0,51780.0
0.128,272355.0,9564.0,50824.0,3736.0,66881.0,215110.0,1264.0,53340.0,61706.0,220213.0,2719.0,51841.0
0.127,272203.0,9716.0,50772.0,3788.0,66358.0,215633.0,1238.0,53366.0,60814.0,221105.0,2661.0,51899.0
0.126,272053.0,9866.0,50706.0,3854.0,65822.0,216169.0,1218.0,53386.0,59962.0,221957.0,2595.0,51965.0
0.125,271920.0,9999.0,50662.0,3898.0,65322.0,216669.0,1199.0,53405.0,58982.0,222937.0,2532.0,52028.0
0.124,271771.0,10148.0,50597.0,3963.0,64774.0,217217.0,1181.0,53423.0,58085.0,223834.0,2482.0,52078.0
0.123,271620.0,10299.0,50542.0,4018.0,64226.0,217765.0,1162.0,53442.0,57249.0,224670.0,2428.0,52132.0
0.122,271457.0,10462.0,50484.0,4076.0,63727.0,218264.0,1139.0,53465.0,56394.0,225525.0,2374.0,52186.0
0.121,271292.0,10627.0,50421.0,4139.0,63187.0,218804.0,1120.0,53484.0,55518.0,226401.0,2334.0,52226.0
0.12,271138.0,10781.0,50363.0,4197.0,62634.0,219357.0,1105.0,53499.0,54665.0,227254.0,2292.0,52268.0
0.119,270976.0,10943.0,50302.0,4258.0,62147.0,219844.0,1094.0,53510.0,53813.0,228106.0,2238.0,52322.0
0.118,270806.0,11113.0,50241.0,4319.0,61608.0,220383.0,1080.0,53524.0,52995.0,228924.0,2196.0,52364.0
0.117,270660.0,11259.0,50169.0,4391.0,61040.0,220951.0,1059.0,53545.0,52170.0,229749.0,2154.0,52406.0
0.116,270486.0,11433.0,50100.0,4460.0,60490.0,221501.0,1038.0,53566.0,51346.0,230573.0,2101.0,52459.0
0.115,269990.0,11929.0,49859.0,4701.0,59951.0,222040.0,1021.0,53583.0,50509.0,231410.0,2058.0,52502.0
0.114,269391.0,12528.0,49504.0,5056.0,59391.0,222600.0,1012.0,53592.0,49694.0,232225.0,2022.0,52538.0
0.113,269214.0,12705.0,49436.0,5124.0,58861.0,223130.0,995.0,53609.0,48877.0,233042.0,1974.0,52586.0
0.112,269051.0,12868.0,49365.0,5195.0,58349.0,223642.0,979.0,53625.0,48086.0,233833.0,1913.0,52647.0
0.111,268873.0,13046.0,49292.0,5268.0,57778.0,224213.0,969.0,53635.0,47351.0,234568.0,1877.0,52683.0
0.11,268692.0,13227.0,49229.0,5331.0,57241.0,224750.0,952.0,53652.0,46583.0,235336.0,1846.0,52714.0
0.109,268533.0,13386.0,49156.0,5404.0,56660.0,225331.0,936.0,53668.0,45748.0,236171.0,1810.0,52750.0
0.108,268357.0,13562.0,49082.0,5478.0,56091.0,225900.0,921.0,53683.0,45000.0,236919.0,1775.0,52785.0
0.107,268152.0,13767.0,49017.0,5543.0,55525.0,226466.0,910.0,53694.0,44237.0,237682.0,1739.0,52821.0
0.106,267993.0,13926.0,48959.0,5601.0,54914.0,227077.0,899.0,53705.0,43538.0,238381.0,1699.0,52861.0
0.105,267806.0,14113.0,48890.0,5670.0,54330.0,227661.0,884.0,53720.0,42842.0,239077.0,1667.0,52893.0
0.104,267630.0,14289.0,48824.0,5736.0,53758.0,228233.0,868.0,53736.0,42154.0,239765.0,1624.0,52936.0
0.103,267405.0,14514.0,48737.0,5823.0,53157.0,228834.0,854.0,53750.0,41438.0,240481.0,1594.0,52966.0
0.102,267209.0,14710.0,48655.0,5905.0,52572.0,229419.0,843.0,53761.0,40682.0,241237.0,1555.0,53005.0
0.101,266984.0,14935.0,48573.0,5987.0,51984.0,230007.0,825.0,53779.0,39995.0,241924.0,1523.0,53037.0
0.1,266772.0,15147.0,48501.0,6059.0,51418.0,230573.0,814.0,53790.0,39387.0,242532.0,1484.0,53076.0
0.099,266562.0,15357.0,48428.0,6132.0,50785.0,231206.0,800.0,53804.0,38705.0,243214.0,1455.0,53105.0
0.098,266351.0,15568.0,48333.0,6227.0,50198.0,231793.0,792.0,53812.0,38073.0,243846.0,1418.0,53142.0
0.097,266138.0,15781.0,48258.0,6302.0,49634.0,232357.0,774.0,53830.0,37377.0,244542.0,1390.0,53170.0
0.096,265918.0,16001.0,48179.0,6381.0,49095.0,232896.0,761.0,53843.0,36739.0,245180.0,1355.0,53205.0
0.095,265696.0,16223.0,48086.0,6474.0,48517.0,233474.0,753.0,53851.0,36087.0,245832.0,1327.0,53233.0
0.094,265505.0,16414.0,47990.0,6570.0,47914.0,234077.0,745.0,53859.0,35483.0,246436.0,1296.0,53264.0
0.093,265266.0,16653.0,47915.0,6645.0,47314.0,234677.0,732.0,53872.0,34872.0,247047.0,1274.0,53286.0
0.092,265048.0,16871.0,47842.0,6718.0,46762.0,235229.0,715.0,53889.0,34225.0,247694.0,1240.0,53320.0
0.091,264823.0,17096.0,47763.0,6797.0,46214.0,235777.0,699.0,53905.0,33652.0,248267.0,1215.0,53345.0
0.09,264596.0,17323.0,47672.0,6888.0,45642.0,236349.0,684.0,53920.0,33054.0,248865.0,1185.0,53375.0
0.089,264370.0,17549.0,47563.0,6997.0,45089.0,236902.0,673.0,53931.0,32479.0,249440.0,1159.0,53401.0
0.088,264103.0,17816.0,47466.0,7094.0,44491.0,237500.0,657.0,53947.0,31930.0,249989.0,1128.0,53432.0
0.087,263823.0,18096.0,47366.0,7194.0,43919.0,238072.0,642.0,53962.0,31366.0,250553.0,1102.0,53458.0
0.086,263562.0,18357.0,47267.0,7293.0,43315.0,238676.0,631.0,53973.0,30803.0,251116.0,1082.0,53478.0
0.085,263298.0,18621.0,47171.0,7389.0,42698.0,239293.0,618.0,53986.0,30227.0,251692.0,1061.0,53499.0
0.084,263041.0,18878.0,47068.0,7492.0,42139.0,239852.0,610.0,53994.0,29682.0,252237.0,1036.0,53524.0
0.083,262796.0,19123.0,46956.0,7604.0,41585.0,240406.0,604.0,54000.0,29144.0,252775.0,1011.0,53549.0
0.082,262506.0,19413.0,46853.0,7707.0,40996.0,240995.0,598.0,54006.0,28622.0,253297.0,995.0,53565.0
0.081,262277.0,19642.0,46748.0,7812.0,40360.0,241631.0,584.0,54020.0,28108.0,253811.0,977.0,53583.0
0.08,261989.0,19930.0,46650.0,7910.0,39708.0,242283.0,574.0,54030.0,27583.0,254336.0,946.0,53614.0
0.079,261726.0,20193.0,46556.0,8004.0,39104.0,242887.0,560.0,54044.0,27053.0,254866.0,933.0,53627.0
0.078,261463.0,20456.0,46459.0,8101.0,38466.0,243525.0,543.0,54061.0,26514.0,255405.0,914.0,53646.0
0.077,261157.0,20762.0,46346.0,8214.0,37831.0,244160.0,525.0,54079.0,26033.0,255886.0,892.0,53668.0
0.076,260849.0,21070.0,46243.0,8317.0,37181.0,244810.0,512.0,54092.0,25556.0,256363.0,878.0,53682.0
0.075,260542.0,21377.0,46124.0,8436.0,36577.0,245414.0,503.0,54101.0,25082.0,256837.0,861.0,53699.0
0.074,260246.0,21673.0,46007.0,8553.0,35912.0,246079.0,490.0,54114.0,24588.0,257331.0,843.0,53717.0
0.073,259950.0,21969.0,45884.0,8676.0,35276.0,246715.0,477.0,54127.0,24106.0,257813.0,831.0,53729.0
0.072,259648.0,22271.0,45781.0,8779.0,34664.0,247327.0,464.0,54140.0,23680.0,258239.0,812.0,53748.0
0.071,258586.0,23333.0,45225.0,9335.0,34032.0,247959.0,451.0,54153.0,23174.0,258745.0,798.0,53762.0
0.07,258217.0,23702.0,45075.0,9485.0,33450.0,248541.0,437.0,54167.0,22739.0,259180.0,779.0,53781.0
0.069,257929.0,23990.0,44947.0,9613.0,32863.0,249128.0,426.0,54178.0,22252.0,259667.0,766.0,53794.0
0.068,257598.0,24321.0,44810.0,9750.0,32260.0,249731.0,410.0,54194.0,21811.0,260108.0,749.0,53811.0
0.067,257246.0,24673.0,44687.0,9873.0,31640.0,250351.0,396.0,54208.0,21397.0,260522.0,733.0,53827.0
0.066,256868.0,25051.0,44539.0,10021.0,31038.0,250953.0,384.0,54220.0,20968.0,260951.0,712.0,53848.0
0.065,256493.0,25426.0,44418.0,10142.0,30428.0,251563.0,372.0,54232.0,20573.0,261346.0,690.0,53870.0
0.064,256153.0,25766.0,44284.0,10276.0,29853.0,252138.0,358.0,54246.0,20156.0,261763.0,679.0,53881.0
0.063,255823.0,26096.0,44179.0,10381.0,29280.0,252711.0,340.0,54264.0,19793.0,262126.0,665.0,53895.0
0.062,255439.0,26480.0,44047.0,10513.0,28668.0,253323.0,322.0,54282.0,19400.0,262519.0,654.0,53906.0
0.061,255068.0,26851.0,43902.0,10658.0,28062.0,253929.0,313.0,54291.0,19023.0,262896.0,643.0,53917.0
0.06,254709.0,27210.0,43785.0,10775.0,27449.0,254542.0,304.0,54300.0,18659.0,263260.0,635.0,53925.0
0.059,254290.0,27629.0,43655.0,10905.0,26830.0,255161.0,284.0,54320.0,18307.0,263612.0,623.0,53937.0
0.058,253912.0,28007.0,43532.0,11028.0,26233.0,255758.0,273.0,54331.0,17931.0,263988.0,614.0,53946.0
0.057,253519.0,28400.0,43397.0,11163.0,25610.0,256381.0,266.0,54338.0,17574.0,264345.0,605.0,53955.0
0.056,253145.0,28774.0,43260.0,11300.0,24995.0,256996.0,260.0,54344.0,17185.0,264734.0,594.0,53966.0
0.055,252785.0,29134.0,43146.0,11414.0,24376.0,257615.0,252.0,54352.0,16834.0,265085.0,586.0,53974.0
0.054,252415.0,29504.0,43004.0,11556.0,23799.0,258192.0,244.0,54360.0,16483.0,265436.0,573.0,53987.0
0.053,252023.0,29896.0,42876.0,11684.0,23205.0,258786.0,235.0,54369.0,16136.0,265783.0,560.0,54000.0
0.052,251632.0,30287.0,42732.0,11828.0,22624.0,259367.0,228.0,54376.0,15847.0,266072.0,548.0,54012.0
0.051,251155.0,30764.0,42599.0,11961.0,22094.0,259897.0,222.0,54382.0,15543.0,266376.0,539.0,54021.0
0.05,250674.0,31245.0,42471.0,12089.0,21517.0,260474.0,211.0,54393.0,15226.0,266693.0,528.0,54032.0
0.049,250213.0,31706.0,42302.0,12258.0,20918.0,261073.0,207.0,54397.0,14912.0,267007.0,522.0,54038.0
0.048,249748.0,32171.0,42156.0,12404.0,20350.0,261641.0,201.0,54403.0,14603.0,267316.0,505.0,54055.0
0.047,249361.0,32558.0,42012.0,12548.0,19763.0,262228.0,197.0,54407.0,14332.0,267587.0,493.0,54067.0
0.046,248879.0,33040.0,41871.0,12689.0,19208.0,262783.0,191.0,54413.0,14047.0,267872.0,485.0,54075.0
0.045,248412.0,33507.0,41730.0,12830.0,18670.0,263321.0,184.0,54420.0,13729.0,268190.0,477.0,54083.0
0.044,247951.0,33968.0,41576.0,12984.0,18139.0,263852.0,181.0,54423.0,13453.0,268466.0,465.0,54095.0
0.043,247418.0,34501.0,41395.0,13165.0,17613.0,264378.0,176.0,54428.0,13187.0,268732.0,453.0,54107.0
0.042,246965.0,34954.0,41237.0,13323.0,17094.0,264897.0,171.0,54433.0,12916.0,269003.0,446.0,54114.0
0.041,246497.0,35422.0,41079.0,13481.0,16555.0,265436.0,165.0,54439.0,12646.0,269273.0,434.0,54126.0
0.04,246033.0,35886.0,40912.0,13648.0,16022.0,265969.0,155.0,54449.0,12420.0,269499.0,422.0,54138.0
0.039,245548.0,36371.0,40775.0,13785.0,15498.0,266493.0,150.0,54454.0,12171.0,269748.0,412.0,54148.0
0.038,245033.0,36886.0,40629.0,13931.0,14971.0,267020.0,144.0,54460.0,11897.0,270022.0,398.0,54162.0
0.037,244514.0,37405.0,40488.0,14072.0,14470.0,267521.0,139.0,54465.0,11661.0,270258.0,386.0,54174.0
0.036,243977.0,37942.0,40342.0,14218.0,13970.0,268021.0,138.0,54466.0,11424.0,270495.0,377.0,54183.0
0.035,243398.0,38521.0,40194.0,14366.0,13491.0,268500.0,135.0,54469.0,11172.0,270747.0,370.0,54190.0
0.034,242857.0,39062.0,40061.0,14499.0,13058.0,268933.0,130.0,54474.0,10959.0,270960.0,364.0,54196.0
0.033,242306.0,39613.0,39897.0,14663.0,12568.0,269423.0,124.0,54480.0,10738.0,271181.0,357.0,54203.0
0.032,241719.0,40200.0,39755.0,14805.0,12073.0,269918.0,113.0,54491.0,10497.0,271422.0,348.0,54212.0
0.031,241214.0,40705.0,39606.0,14954.0,11601.0,270390.0,111.0,54493.0,10252.0,271667.0,340.0,54220.0
0.03,240677.0,41242.0,39459.0,15101.0,11127.0,270864.0,107.0,54497.0,10021.0,271898.0,326.0,54234.0
0.029,240044.0,41875.0,39278.0,15282.0,10679.0,271312.0,102.0,54502.0,9793.0,272126.0,319.0,54241.0
0.028,239419.0,42500.0,39116.0,15444.0,10282.0,271709.0,99.0,54505.0,9594.0,272325.0,313.0,54247.0
0.027,238892.0,43027.0,38966.0,15594.0,9848.0,272143.0,94.0,54510.0,9385.0,272534.0,309.0,54251.0
0.026,238281.0,43638.0,38810.0,15750.0,9413.0,272578.0,88.0,54516.0,9212.0,272707.0,303.0,54257.0
0.025,237620.0,44299.0,38613.0,15947.0,8967.0,273024.0,81.0,54523.0,9014.0,272905.0,294.0,54266.0
0.024,237012.0,44907.0,38447.0,16113.0,8553.0,273438.0,72.0,54532.0,8825.0,273094.0,290.0,54270.0
0.023,236546.0,45373.0,38289.0,16271.0,8185.0,273806.0,67.0,54537.0,8656.0,273263.0,287.0,54273.0
0.022,235947.0,45972.0,38116.0,16444.0,7801.0,274190.0,61.0,54543.0,8490.0,273429.0,282.0,54278.0
0.021,235254.0,46665.0,37926.0,16634.0,7414.0,274577.0,55.0,54549.0,8324.0,273595.0,273.0,54287.0
0.02,234663.0,47256.0,37755.0,16805.0,7012.0,274979.0,52.0,54552.0,8169.0,273750.0,269.0,54291.0
0.019,233975.0,47944.0,37552.0,17008.0,6666.0,275325.0,49.0,54555.0,7995.0,273924.0,265.0,54295.0
0.018,233242.0,48677.0,37377.0,17183.0,6315.0,275676.0,43.0,54561.0,7839.0,274080.0,262.0,54298.0
0.017,232524.0,49395.0,37200.0,17360.0,5943.0,276048.0,39.0,54565.0,7687.0,274232.0,259.0,54301.0
0.016,231897.0,50022.0,37044.0,17516.0,5607.0,276384.0,36.0,54568.0,7521.0,274398.0,252.0,54308.0
0.015,231117.0,50802.0,36857.0,17703.0,5317.0,276674.0,24.0,54580.0,7371.0,274548.0,242.0,54318.0
0.014,230467.0,51452.0,36686.0,17874.0,4977.0,277014.0,18.0,54586.0,7214.0,274705.0,238.0,54322.0
0.013,229674.0,52245.0,36468.0,18092.0,4655.0,277336.0,17.0,54587.0,7096.0,274823.0,236.0,54324.0
0.012,229088.0,52831.0,36307.0,18253.0,4354.0,277637.0,12.0,54592.0,6929.0,274990.0,229.0,54331.0
0.011,228263.0,53656.0,36130.0,18430.0,4055.0,277936.0,9.0,54595.0,6799.0,275120.0,224.0,54336.0
0.01,227619.0,54300.0,35914.0,18646.0,3729.0,278262.0,4.0,54600.0,6671.0,275248.0,216.0,54344.0
0.009,226786.0,55133.0,35705.0,18855.0,3426.0,278565.0,2.0,54602.0,6532.0,275387.0,213.0,54347.0
0.008,226130.0,55789.0,35531.0,19029.0,3160.0,278831.0,0.0,54604.0,6404.0,275515.0,208.0,54352.0
0.007,225379.0,56540.0,35334.0,19226.0,2896.0,279095.0,0.0,54604.0,6274.0,275645.0,201.0,54359.0
0.006,224617.0,57302.0,35114.0,19446.0,2624.0,279367.0,0.0,54604.0,6130.0,275789.0,196.0,54364.0
0.005,223866.0,58053.0,34898.0,19662.0,2397.0,279594.0,0.0,54604.0,6006.0,275913.0,194.0,54366.0
0.004,222553.0,59366.0,34449.0,20111.0,2196.0,279795.0,0.0,54604.0,5883.0,276036.0,191.0,54369.0
0.003,221773.0,60146.0,34231.0,20329.0,1992.0,279999.0,0.0,54604.0,5767.0,276152.0,185.0,54375.0
0.002,221018.0,60901.0,34015.0,20545.0,1797.0,280194.0,0.0,54604.0,5667.0,276252.0,179.0,54381.0
0.001,220213.0,61706.0,33820.0,20740.0,1621.0,280370.0,0.0,54604.0,5551.0,276368.0,173.0,54387.0
0.0,219489.0,62430.0,33642.0,20918.0,1427.0,280564.0,0.0,54604.0,5439.0,276480.0,170.0,54390.0
-0.001,218519.0,63400.0,33305.0,21255.0,1277.0,280714.0,0.0,54604.0,5341.0,276578.0,166.0,54394.0
-0.002,217694.0,64225.0,33088.0,21472.0,1118.0,280873.0,0.0,54604.0,5235.0,276684.0,163.0,54397.0
-0.003,216849.0,65070.0,32853.0,21707.0,993.0,280998.0,0.0,54604.0,5150.0,276769.0,162.0,54398.0
-0.004,215936.0,65983.0,32620.0,21940.0,866.0,281125.0,0.0,54604.0,5032.0,276887.0,156.0,54404.0
-0.005,215097.0,66822.0,32389.0,22171.0,749.0,281242.0,0.0,54604.0,4936.0,276983.0,154.0,54406.0
-0.006,214225.0,67694.0,32167.0,22393.0,646.0,281345.0,0.0,54604.0,4831.0,277088.0,150.0,54410.0
-0.007,213320.0,68599.0,31966.0,22594.0,540.0,281451.0,0.0,54604.0,4759.0,277160.0,149.0,54411.0
-0.008,212378.0,69541.0,31729.0,22831.0,466.0,281525.0,0.0,54604.0,4643.0,277276.0,143.0,54417.0
-0.009,211348.0,70571.0,31474.0,23086.0,371.0,281620.0,0.0,54604.0,4561.0,277358.0,138.0,54422.0
-0.01,210531.0,71388.0,31255.0,23305.0,320.0,281671.0,0.0,54604.0,4469.0,277450.0,136.0,54424.0
-0.011,209575.0,72344.0,31003.0,23557.0,260.0,281731.0,0.0,54604.0,4390.0,277529.0,132.0,54428.0
-0.012,208696.0,73223.0,30810.0,23750.0,227.0,281764.0,0.0,54604.0,4291.0,277628.0,128.0,54432.0
-0.013,207648.0,74271.0,30584.0,23976.0,187.0,281804.0,0.0,54604.0,4216.0,277703.0,127.0,54433.0
-0.014,206802.0,75117.0,30375.0,24185.0,150.0,281841.0,0.0,54604.0,4120.0,277799.0,124.0,54436.0
-0.015,205733.0,76186.0,30176.0,24384.0,116.0,281875.0,0.0,54604.0,4037.0,277882.0,124.0,54436.0
-0.016,204865.0,77054.0,29995.0,24565.0,93.0,281898.0,0.0,54604.0,3942.0,277977.0,123.0,54437.0
-0.017,203883.0,78036.0,29770.0,24790.0,74.0,281917.0,0.0,54604.0,3868.0,278051.0,120.0,54440.0
-0.018,202776.0,79143.0,29500.0,25060.0,65.0,281926.0,0.0,54604.0,3772.0,278147.0,118.0,54442.0
-0.019,201787.0,80132.0,29265.0,25295.0,48.0,281943.0,0.0,54604.0,3707.0,278212.0,118.0,54442.0
-0.02,200862.0,81057.0,29076.0,25484.0,31.0,281960.0,0.0,54604.0,3631.0,278288.0,115.0,54445.0
-0.021,199745.0,82174.0,28827.0,25733.0,14.0,281977.0,0.0,54604.0,3558.0,278361.0,114.0,54446.0
-0.022,198659.0,83260.0,28627.0,25933.0,6.0,281985.0,0.0,54604.0,3476.0,278443.0,114.0,54446.0
-0.023,197699.0,84220.0,28420.0,26140.0,0.0,281991.0,0.0,54604.0,3405.0,278514.0,109.0,54451.0
-0.024,196651.0,85268.0,28208.0,26352.0,,,,,3343.0,278576.0,108.0,54452.0
-0.025,195455.0,86464.0,27981.0,26579.0,,,,,3274.0,278645.0,107.0,54453.0
-0.026,194342.0,87577.0,27764.0,26796.0,,,,,3201.0,278718.0,106.0,54454.0
-0.027,193436.0,88483.0,27558.0,27002.0,,,,,3152.0,278767.0,103.0,54457.0
-0.028,192288.0,89631.0,27320.0,27240.0,,,,,3089.0,278830.0,100.0,54460.0
-0.029,191101.0,90818.0,27085.0,27475.0,,,,,3028.0,278891.0,97.0,54463.0
-0.03,189981.0,91938.0,26843.0,27717.0,,,,,2959.0,278960.0,95.0,54465.0
-0.031,188917.0,93002.0,26642.0,27918.0,,,,,2907.0,279012.0,93.0,54467.0
-0.032,187830.0,94089.0,26409.0,28151.0,,,,,2822.0,279097.0,91.0,54469.0
-0.033,186680.0,95239.0,26166.0,28394.0,,,,,2761.0,279158.0,90.0,54470.0
-0.034,185481.0,96438.0,25932.0,28628.0,,,,,2699.0,279220.0,88.0,54472.0
-0.035,184169.0,97750.0,25655.0,28905.0,,,,,2645.0,279274.0,87.0,54473.0
-0.036,182961.0,98958.0,25381.0,29179.0,,,,,2576.0,279343.0,85.0,54475.0
-0.037,181836.0,100083.0,25177.0,29383.0,,,,,2522.0,279397.0,85.0,54475.0
-0.038,180606.0,101313.0,24926.0,29634.0,,,,,2463.0,279456.0,83.0,54477.0
-0.039,179461.0,102458.0,24707.0,29853.0,,,,,2404.0,279515.0,81.0,54479.0
-0.04,178262.0,103657.0,24470.0,30090.0,,,,,2337.0,279582.0,79.0,54481.0
-0.041,176992.0,104927.0,24253.0,30307.0,,,,,2292.0,279627.0,79.0,54481.0
-0.042,175761.0,106158.0,24041.0,30519.0,,,,,2251.0,279668.0,76.0,54484.0
-0.043,174377.0,107542.0,23791.0,30769.0,,,,,2202.0,279717.0,75.0,54485.0
-0.044,173091.0,108828.0,23548.0,31012.0,,,,,2142.0,279777.0,74.0,54486.0
-0.045,171776.0,110143.0,23322.0,31238.0,,,,,2097.0,279822.0,73.0,54487.0
-0.046,170539.0,111380.0,23072.0,31488.0,,,,,2046.0,279873.0,71.0,54489.0
-0.047,169355.0,112564.0,22856.0,31704.0,,,,,1999.0,279920.0,67.0,54493.0
-0.048,168073.0,113846.0,22608.0,31952.0,,,,,1950.0,279969.0,67.0,54493.0
-0.049,166754.0,115165.0,22403.0,32157.0,,,,,1914.0,280005.0,67.0,54493.0
-0.05,164834.0,117085.0,21816.0,32744.0,,,,,1868.0,280051.0,64.0,54496.0
-0.051,163371.0,118548.0,21553.0,33007.0,,,,,1830.0,280089.0,62.0,54498.0
-0.052,162034.0,119885.0,21317.0,33243.0,,,,,1791.0,280128.0,61.0,54499.0
-0.053,160690.0,121229.0,21126.0,33434.0,,,,,1763.0,280156.0,60.0,54500.0
-0.054,159412.0,122507.0,20892.0,33668.0,,,,,1732.0,280187.0,58.0,54502.0
-0.055,158220.0,123699.0,20701.0,33859.0,,,,,1704.0,280215.0,57.0,54503.0
-0.056,156950.0,124969.0,20467.0,34093.0,,,,,1666.0,280253.0,56.0,54504.0
-0.057,155599.0,126320.0,20226.0,34334.0,,,,,1640.0,280279.0,55.0,54505.0
-0.058,154243.0,127676.0,19994.0,34566.0,,,,,1602.0,280317.0,54.0,54506.0
-0.059,152745.0,129174.0,19736.0,34824.0,,,,,1570.0,280349.0,54.0,54506.0
-0.06,151365.0,130554.0,19513.0,35047.0,,,,,1536.0,280383.0,52.0,54508.0
-0.061,150004.0,131915.0,19283.0,35277.0,,,,,1504.0,280415.0,49.0,54511.0
-0.062,148611.0,133308.0,19068.0,35492.0,,,,,1473.0,280446.0,49.0,54511.0
-0.063,147383.0,134536.0,18865.0,35695.0,,,,,1438.0,280481.0,48.0,54512.0
-0.064,146077.0,135842.0,18636.0,35924.0,,,,,1413.0,280506.0,45.0,54515.0
-0.065,144685.0,137234.0,18380.0,36180.0,,,,,1379.0,280540.0,45.0,54515.0
-0.066,143278.0,138641.0,18159.0,36401.0,,,,,1354.0,280565.0,42.0,54518.0
-0.067,141897.0,140022.0,17966.0,36594.0,,,,,1326.0,280593.0,42.0,54518.0
-0.068,140471.0,141448.0,17748.0,36812.0,,,,,1306.0,280613.0,40.0,54520.0
-0.069,139136.0,142783.0,17505.0,37055.0,,,,,1273.0,280646.0,37.0,54523.0
-0.07,137577.0,144342.0,17278.0,37282.0,,,,,1256.0,280663.0,36.0,54524.0
-0.071,136221.0,145698.0,17057.0,37503.0,,,,,1227.0,280692.0,36.0,54524.0
-0.072,134821.0,147098.0,16844.0,37716.0,,,,,1200.0,280719.0,36.0,54524.0
-0.073,133423.0,148496.0,16612.0,37948.0,,,,,1184.0,280735.0,36.0,54524.0
-0.074,132054.0,149865.0,16393.0,38167.0,,,,,1161.0,280758.0,35.0,54525.0
-0.075,130587.0,151332.0,16179.0,38381.0,,,,,1136.0,280783.0,31.0,54529.0
-0.076,129195.0,152724.0,15966.0,38594.0,,,,,1110.0,280809.0,31.0,54529.0
-0.077,127803.0,154116.0,15737.0,38823.0,,,,,1085.0,280834.0,31.0,54529.0
-0.078,126482.0,155437.0,15562.0,38998.0,,,,,1068.0,280851.0,31.0,54529.0
-0.079,125053.0,156866.0,15364.0,39196.0,,,,,1044.0,280875.0,30.0,54530.0
-0.08,123680.0,158239.0,15133.0,39427.0,,,,,1024.0,280895.0,30.0,54530.0
-0.081,122361.0,159558.0,14891.0,39669.0,,,,,998.0,280921.0,28.0,54532.0
-0.082,120921.0,160998.0,14668.0,39892.0,,,,,982.0,280937.0,26.0,54534.0
-0.083,119432.0,162487.0,14423.0,40137.0,,,,,959.0,280960.0,26.0,54534.0
-0.084,117994.0,163925.0,14206.0,40354.0,,,,,931.0,280988.0,25.0,54535.0
-0.085,116620.0,165299.0,14002.0,40558.0,,,,,913.0,281006.0,24.0,54536.0
-0.086,115085.0,166834.0,13753.0,40807.0,,,,,895.0,281024.0,24.0,54536.0
-0.087,113722.0,168197.0,13568.0,40992.0,,,,,874.0,281045.0,24.0,54536.0
-0.088,111774.0,170145.0,13152.0,41408.0,,,,,857.0,281062.0,22.0,54538.0
-0.089,110410.0,171509.0,12970.0,41590.0,,,,,837.0,281082.0,21.0,54539.0
-0.09,109005.0,172914.0,12772.0,41788.0,,,,,818.0,281101.0,20.0,54540.0
-0.091,107568.0,174351.0,12552.0,42008.0,,,,,801.0,281118.0,20.0,54540.0
-0.092,106185.0,175734.0,12317.0,42243.0,,,,,780.0,281139.0,20.0,54540.0
-0.093,104674.0,177245.0,12145.0,42415.0,,,,,759.0,281160.0,20.0,54540.0
-0.094,103047.0,178872.0,11753.0,42807.0,,,,,747.0,281172.0,20.0,54540.0
-0.095,101611.0,180308.0,11560.0,43000.0,,,,,724.0,281195.0,18.0,54542.0
-0.096,100201.0,181718.0,11376.0,43184.0,,,,,713.0,281206.0,18.0,54542.0
-0.097,98781.0,183138.0,11206.0,43354.0,,,,,695.0,281224.0,18.0,54542.0
-0.098,97414.0,184505.0,11042.0,43518.0,,,,,679.0,281240.0,18.0,54542.0
-0.099,95972.0,185947.0,10844.0,43716.0,,,,,664.0,281255.0,18.0,54542.0
-0.1,94553.0,187366.0,10651.0,43909.0,,,,,655.0,281264.0,18.0,54542.0
-0.101,93119.0,188800.0,10494.0,44066.0,,,,,647.0,281272.0,17.0,54543.0
-0.102,91028.0,190891.0,9923.0,44637.0,,,,,635.0,281284.0,17.0,54543.0
-0.103,89587.0,192332.0,9740.0,44820.0,,,,,615.0,281304.0,17.0,54543.0
-0.104,88005.0,193914.0,9490.0,45070.0,,,,,591.0,281328.0,16.0,54544.0
-0.105,86585.0,195334.0,9334.0,45226.0,,,,,568.0,281351.0,16.0,54544.0
-0.106,85186.0,196733.0,9158.0,45402.0,,,,,553.0,281366.0,16.0,54544.0
-0.107,83790.0,198129.0,8984.0,45576.0,,,,,543.0,281376.0,15.0,54545.0
-0.108,82415.0,199504.0,8824.0,45736.0,,,,,529.0,281390.0,15.0,54545.0
-0.109,81226.0,200693.0,8688.0,45872.0,,,,,521.0,281398.0,14.0,54546.0
-0.11,79916.0,202003.0,8521.0,46039.0,,,,,509.0,281410.0,14.0,54546.0
-0.111,78526.0,203393.0,8367.0,46193.0,,,,,495.0,281424.0,14.0,54546.0
-0.112,77271.0,204648.0,8213.0,46347.0,,,,,484.0,281435.0,13.0,54547.0
-0.113,75411.0,206508.0,7835.0,46725.0,,,,,470.0,281449.0,11.0,54549.0
-0.114,74090.0,207829.0,7671.0,46889.0,,,,,462.0,281457.0,10.0,54550.0
-0.115,72761.0,209158.0,7521.0,47039.0,,,,,446.0,281473.0,7.0,54553.0
-0.116,71472.0,210447.0,7365.0,47195.0,,,,,437.0,281482.0,6.0,54554.0
-0.117,70096.0,211823.0,7217.0,47343.0,,,,,426.0,281493.0,6.0,54554.0
-0.118,68799.0,213120.0,7067.0,47493.0,,,,,417.0,281502.0,6.0,54554.0
-0.119,67512.0,214407.0,6923.0,47637.0,,,,,399.0,281520.0,6.0,54554.0
-0.12,66232.0,215687.0,6785.0,47775.0,,,,,391.0,281528.0,4.0,54556.0
-0.121,64973.0,216946.0,6623.0,47937.0,,,,,376.0,281543.0,4.0,54556.0
-0.122,63562.0,218357.0,6449.0,48111.0,,,,,364.0,281555.0,4.0,54556.0
-0.123,62343.0,219576.0,6310.0,48250.0,,,,,352.0,281567.0,4.0,54556.0
-0.124,61155.0,220764.0,6180.0,48380.0,,,,,338.0,281581.0,4.0,54556.0
-0.125,60109.0,221810.0,6060.0,48500.0,,,,,323.0,281596.0,4.0,54556.0
-0.126,58934.0,222985.0,5940.0,48620.0,,,,,311.0,281608.0,4.0,54556.0
-0.127,57775.0,224144.0,5811.0,48749.0,,,,,296.0,281623.0,4.0,54556.0
-0.128,56573.0,225346.0,5691.0,48869.0,,,,,287.0,281632.0,4.0,54556.0
-0.129,55343.0,226576.0,5538.0,49022.0,,,,,280.0,281639.0,4.0,54556.0
-0.13,54219.0,227700.0,5414.0,49146.0,,,,,274.0,281645.0,3.0,54557.0
-0.131,52364.0,229555.0,4954.0,49606.0,,,,,261.0,281658.0,3.0,54557.0
-0.132,51249.0,230670.0,4817.0,49743.0,,,,,250.0,281669.0,2.0,54558.0
-0.133,50154.0,231765.0,4698.0,49862.0,,,,,242.0,281677.0,2.0,54558.0
-0.134,49095.0,232824.0,4595.0,49965.0,,,,,232.0,281687.0,2.0,54558.0
-0.135,47998.0,233921.0,4495.0,50065.0,,,,,226.0,281693.0,2.0,54558.0
-0.136,47022.0,234897.0,4383.0,50177.0,,,,,215.0,281704.0,1.0,54559.0
-0.137,46021.0,235898.0,4292.0,50268.0,,,,,199.0,281720.0,0.0,54560.0
-0.138,44960.0,236959.0,4177.0,50383.0,,,,,189.0,281730.0,0.0,54560.0
-0.139,43935.0,237984.0,4070.0,50490.0,,,,,184.0,281735.0,0.0,54560.0
-0.14,42919.0,239000.0,4005.0,50555.0,,,,,176.0,281743.0,0.0,54560.0
-0.141,41848.0,240071.0,3907.0,50653.0,,,,,167.0,281752.0,0.0,54560.0
-0.142,40867.0,241052.0,3811.0,50749.0,,,,,162.0,281757.0,0.0,54560.0
-0.143,39935.0,241984.0,3718.0,50842.0,,,,,156.0,281763.0,0.0,54560.0
-0.144,38975.0,242944.0,3631.0,50929.0,,,,,148.0,281771.0,0.0,54560.0
-0.145,38087.0,243832.0,3529.0,51031.0,,,,,146.0,281773.0,0.0,54560.0
-0.146,37187.0,244732.0,3446.0,51114.0,,,,,,,,
-0.147,36279.0,245640.0,3374.0,51186.0,,,,,139.0,281780.0,0.0,54560.0
-0.148,35416.0,246503.0,3297.0,51263.0,,,,,135.0,281784.0,0.0,54560.0
-0.149,34580.0,247339.0,3211.0,51349.0,,,,,129.0,281790.0,0.0,54560.0
-0.15,33724.0,248195.0,3124.0,51436.0,,,,,126.0,281793.0,0.0,54560.0
-0.151,32874.0,249045.0,3041.0,51519.0,,,,,120.0,281799.0,0.0,54560.0
-0.152,32068.0,249851.0,2980.0,51580.0,,,,,114.0,281805.0,0.0,54560.0
-0.153,31209.0,250710.0,2904.0,51656.0,,,,,112.0,281807.0,0.0,54560.0
-0.154,30446.0,251473.0,2843.0,51717.0,,,,,110.0,281809.0,0.0,54560.0
-0.155,29593.0,252326.0,2755.0,51805.0,,,,,104.0,281815.0,0.0,54560.0
-0.156,28891.0,253028.0,2684.0,51876.0,,,,,102.0,281817.0,0.0,54560.0
-0.157,28162.0,253757.0,2599.0,51961.0,,,,,96.0,281823.0,0.0,54560.0
-0.158,27380.0,254539.0,2526.0,52034.0,,,,,92.0,281827.0,0.0,54560.0
-0.159,26632.0,255287.0,2459.0,52101.0,,,,,85.0,281834.0,0.0,54560.0
-0.16,25873.0,256046.0,2399.0,52161.0,,,,,81.0,281838.0,0.0,54560.0
-0.161,25127.0,256792.0,2334.0,52226.0,,,,,78.0,281841.0,0.0,54560.0
-0.162,24426.0,257493.0,2273.0,52287.0,,,,,76.0,281843.0,0.0,54560.0
-0.163,23747.0,258172.0,2217.0,52343.0,,,,,75.0,281844.0,0.0,54560.0
-0.164,23078.0,258841.0,2168.0,52392.0,,,,,70.0,281849.0,0.0,54560.0
-0.165,22410.0,259509.0,2127.0,52433.0,,,,,69.0,281850.0,0.0,54560.0
-0.166,21772.0,260147.0,2071.0,52489.0,,,,,65.0,281854.0,0.0,54560.0
-0.167,21138.0,260781.0,2008.0,52552.0,,,,,63.0,281856.0,0.0,54560.0
-0.168,20494.0,261425.0,1953.0,52607.0,,,,,60.0,281859.0,0.0,54560.0
-0.169,18988.0,262931.0,1606.0,52954.0,,,,,58.0,281861.0,0.0,54560.0
-0.17,18354.0,263565.0,1558.0,53002.0,,,,,55.0,281864.0,0.0,54560.0
-0.171,17770.0,264149.0,1531.0,53029.0,,,,,50.0,281869.0,0.0,54560.0
-0.172,17159.0,264760.0,1470.0,53090.0,,,,,46.0,281873.0,0.0,54560.0
-0.173,16631.0,265288.0,1429.0,53131.0,,,,,44.0,281875.0,0.0,54560.0
-0.174,16101.0,265818.0,1379.0,53181.0,,,,,43.0,281876.0,0.0,54560.0
-0.175,15580.0,266339.0,1338.0,53222.0,,,,,40.0,281879.0,0.0,54560.0
-0.176,15072.0,266847.0,1303.0,53257.0,,,,,38.0,281881.0,0.0,54560.0
-0.177,14554.0,267365.0,1265.0,53295.0,,,,,31.0,281888.0,0.0,54560.0
-0.178,14069.0,267850.0,1231.0,53329.0,,,,,,,,
-0.179,13577.0,268342.0,1205.0,53355.0,,,,,30.0,281889.0,0.0,54560.0
-0.18,13097.0,268822.0,1172.0,53388.0,,,,,29.0,281890.0,0.0,54560.0
-0.181,12679.0,269240.0,1150.0,53410.0,,,,,28.0,281891.0,0.0,54560.0
-0.182,12247.0,269672.0,1120.0,53440.0,,,,,27.0,281892.0,0.0,54560.0
-0.183,11827.0,270092.0,1089.0,53471.0,,,,,26.0,281893.0,0.0,54560.0
-0.184,11410.0,270509.0,1059.0,53501.0,,,,,25.0,281894.0,0.0,54560.0
-0.185,11008.0,270911.0,1030.0,53530.0,,,,,,,,
-0.186,10619.0,271300.0,1007.0,53553.0,,,,,,,,
-0.187,10272.0,271647.0,984.0,53576.0,,,,,,,,
-0.188,9896.0,272023.0,958.0,53602.0,,,,,,,,
-0.189,9581.0,272338.0,938.0,53622.0,,,,,,,,
-0.19,9233.0,272686.0,918.0,53642.0,,,,,,,,
-0.191,8897.0,273022.0,885.0,53675.0,,,,,24.0,281895.0,0.0,54560.0
-0.192,8620.0,273299.0,869.0,53691.0,,,,,23.0,281896.0,0.0,54560.0
-0.193,7833.0,274086.0,667.0,53893.0,,,,,,,,
-0.194,7565.0,274354.0,640.0,53920.0,,,,,,,,
-0.195,7297.0,274622.0,618.0,53942.0,,,,,,,,
-0.196,7027.0,274892.0,590.0,53970.0,,,,,22.0,281897.0,0.0,54560.0
-0.197,6748.0,275171.0,561.0,53999.0,,,,,,,,
-0.198,6506.0,275413.0,533.0,54027.0,,,,,20.0,281899.0,0.0,54560.0
-0.199,6264.0,275655.0,514.0,54046.0,,,,,,,,
-0.2,6015.0,275904.0,494.0,54066.0,,,,,,,,
-0.201,5802.0,276117.0,475.0,54085.0,,,,,19.0,281900.0,0.0,54560.0
-0.202,5598.0,276321.0,463.0,54097.0,,,,,18.0,281901.0,0.0,54560.0
-0.203,5351.0,276568.0,447.0,54113.0,,,,,,,,
-0.204,5162.0,276757.0,431.0,54129.0,,,,,,,,
-0.205,4973.0,276946.0,415.0,54145.0,,,,,,,,
-0.206,4785.0,277134.0,394.0,54166.0,,,,,,,,
-0.207,4617.0,277302.0,376.0,54184.0,,,,,,,,
-0.208,4444.0,277475.0,362.0,54198.0,,,,,,,,
-0.209,4256.0,277663.0,348.0,54212.0,,,,,17.0,281902.0,0.0,54560.0
-0.21,4105.0,277814.0,336.0,54224.0,,,,,16.0,281903.0,0.0,54560.0
-0.211,3594.0,278325.0,188.0,54372.0,,,,,,,,
-0.212,3436.0,278483.0,171.0,54389.0,,,,,,,,
-0.213,3287.0,278632.0,161.0,54399.0,,,,,,,,
-0.214,3136.0,278783.0,146.0,54414.0,,,,,15.0,281904.0,0.0,54560.0
-0.215,2989.0,278930.0,132.0,54428.0,,,,,,,,
-0.216,2873.0,279046.0,115.0,54445.0,,,,,14.0,281905.0,0.0,54560.0
-0.217,2724.0,279195.0,102.0,54458.0,,,,,,,,
-0.218,2585.0,279334.0,92.0,54468.0,,,,,13.0,281906.0,0.0,54560.0
-0.219,2463.0,279456.0,83.0,54477.0,,,,,,,,
-0.22,2330.0,279589.0,73.0,54487.0,,,,,10.0,281909.0,0.0,54560.0
-0.221,2235.0,279684.0,69.0,54491.0,,,,,9.0,281910.0,0.0,54560.0
-0.222,2120.0,279799.0,59.0,54501.0,,,,,7.0,281912.0,0.0,54560.0
-0.223,2023.0,279896.0,56.0,54504.0,,,,,,,,
-0.224,1918.0,280001.0,51.0,54509.0,,,,,6.0,281913.0,0.0,54560.0
-0.225,1797.0,280122.0,44.0,54516.0,,,,,,,,
-0.226,1705.0,280214.0,40.0,54520.0,,,,,,,,
-0.227,1617.0,280302.0,34.0,54526.0,,,,,5.0,281914.0,0.0,54560.0
-0.228,1523.0,280396.0,28.0,54532.0,,,,,4.0,281915.0,0.0,54560.0
-0.229,1435.0,280484.0,28.0,54532.0,,,,,3.0,281916.0,0.0,54560.0
-0.23,1373.0,280546.0,26.0,54534.0,,,,,,,,
-0.231,1297.0,280622.0,26.0,54534.0,,,,,,,,
-0.232,1223.0,280696.0,24.0,54536.0,,,,,,,,
-0.233,1171.0,280748.0,20.0,54540.0,,,,,,,,
-0.234,1110.0,280809.0,17.0,54543.0,,,,,,,,
-0.235,1042.0,280877.0,15.0,54545.0,,,,,,,,
-0.236,985.0,280934.0,13.0,54547.0,,,,,,,,
-0.237,930.0,280989.0,12.0,54548.0,,,,,,,,
-0.238,887.0,281032.0,11.0,54549.0,,,,,2.0,281917.0,0.0,54560.0
-0.239,848.0,281071.0,11.0,54549.0,,,,,,,,
-0.24,809.0,281110.0,9.0,54551.0,,,,,1.0,281918.0,0.0,54560.0
-0.241,768.0,281151.0,9.0,54551.0,,,,,,,,
-0.242,726.0,281193.0,8.0,54552.0,,,,,,,,
-0.243,672.0,281247.0,7.0,54553.0,,,,,,,,
-0.244,626.0,281293.0,6.0,54554.0,,,,,,,,
-0.245,592.0,281327.0,5.0,54555.0,,,,,0.0,281919.0,0.0,54560.0
-0.246,564.0,281355.0,5.0,54555.0,,,,,,,,
-0.247,536.0,281383.0,5.0,54555.0,,,,,,,,
-0.248,498.0,281421.0,5.0,54555.0,,,,,,,,
-0.249,469.0,281450.0,4.0,54556.0,,,,,,,,
-0.25,452.0,281467.0,4.0,54556.0,,,,,,,,
-0.251,428.0,281491.0,4.0,54556.0,,,,,,,,
-0.252,409.0,281510.0,3.0,54557.0,,,,,,,,
-0.253,386.0,281533.0,2.0,54558.0,,,,,,,,
-0.254,368.0,281551.0,2.0,54558.0,,,,,,,,
-0.255,350.0,281569.0,1.0,54559.0,,,,,,,,
-0.256,334.0,281585.0,1.0,54559.0,,,,,,,,
-0.257,322.0,281597.0,1.0,54559.0,,,,,,,,
-0.258,314.0,281605.0,1.0,54559.0,,,,,,,,
-0.259,301.0,281618.0,1.0,54559.0,,,,,,,,
-0.26,289.0,281630.0,1.0,54559.0,,,,,,,,
-0.261,274.0,281645.0,1.0,54559.0,,,,,,,,
-0.262,263.0,281656.0,0.0,54560.0,,,,,,,,
-0.263,246.0,281673.0,0.0,54560.0,,,,,,,,
-0.264,235.0,281684.0,0.0,54560.0,,,,,,,,
-0.265,224.0,281695.0,0.0,54560.0,,,,,,,,
-0.266,212.0,281707.0,0.0,54560.0,,,,,,,,
-0.267,205.0,281714.0,0.0,54560.0,,,,,,,,
-0.268,197.0,281722.0,0.0,54560.0,,,,,,,,
-0.269,191.0,281728.0,0.0,54560.0,,,,,,,,
-0.27,186.0,281733.0,0.0,54560.0,,,,,,,,
-0.271,178.0,281741.0,0.0,54560.0,,,,,,,,
-0.272,171.0,281748.0,0.0,54560.0,,,,,,,,
-0.273,162.0,281757.0,0.0,54560.0,,,,,,,,
-0.274,156.0,281763.0,0.0,54560.0,,,,,,,,
-0.275,149.0,281770.0,0.0,54560.0,,,,,,,,
-0.276,144.0,281775.0,0.0,54560.0,,,,,,,,
-0.277,139.0,281780.0,0.0,54560.0,,,,,,,,
-0.278,134.0,281785.0,0.0,54560.0,,,,,,,,
-0.279,126.0,281793.0,0.0,54560.0,,,,,,,,
-0.28,119.0,281800.0,0.0,54560.0,,,,,,,,
-0.281,115.0,281804.0,0.0,54560.0,,,,,,,,
-0.282,107.0,281812.0,0.0,54560.0,,,,,,,,
-0.283,100.0,281819.0,0.0,54560.0,,,,,,,,
-0.284,95.0,281824.0,0.0,54560.0,,,,,,,,
-0.285,88.0,281831.0,0.0,54560.0,,,,,,,,
-0.286,86.0,281833.0,0.0,54560.0,,,,,,,,
-0.287,82.0,281837.0,0.0,54560.0,,,,,,,,
-0.288,80.0,281839.0,0.0,54560.0,,,,,,,,
-0.289,76.0,281843.0,0.0,54560.0,,,,,,,,
-0.29,71.0,281848.0,0.0,54560.0,,,,,,,,
-0.291,70.0,281849.0,0.0,54560.0,,,,,,,,
-0.292,67.0,281852.0,0.0,54560.0,,,,,,,,
-0.293,66.0,281853.0,0.0,54560.0,,,,,,,,
-0.294,64.0,281855.0,0.0,54560.0,,,,,,,,
-0.295,59.0,281860.0,0.0,54560.0,,,,,,,,
-0.296,58.0,281861.0,0.0,54560.0,,,,,,,,
-0.297,55.0,281864.0,0.0,54560.0,,,,,,,,
-0.298,53.0,281866.0,0.0,54560.0,,,,,,,,
-0.299,51.0,281868.0,0.0,54560.0,,,,,,,,
-0.3,48.0,281871.0,0.0,54560.0,,,,,,,,
-0.301,47.0,281872.0,0.0,54560.0,,,,,,,,
-0.303,44.0,281875.0,0.0,54560.0,,,,,,,,
-0.304,41.0,281878.0,0.0,54560.0,,,,,,,,
-0.306,39.0,281880.0,0.0,54560.0,,,,,,,,
-0.307,38.0,281881.0,0.0,54560.0,,,,,,,,
-0.308,37.0,281882.0,0.0,54560.0,,,,,,,,
-0.309,36.0,281883.0,0.0,54560.0,,,,,,,,
-0.31,35.0,281884.0,0.0,54560.0,,,,,,,,
-0.311,33.0,281886.0,0.0,54560.0,,,,,,,,
-0.312,32.0,281887.0,0.0,54560.0,,,,,,,,
-0.313,29.0,281890.0,0.0,54560.0,,,,,,,,
-0.314,28.0,281891.0,0.0,54560.0,,,,,,,,
-0.318,25.0,281894.0,0.0,54560.0,,,,,,,,
-0.319,23.0,281896.0,0.0,54560.0,,,,,,,,
-0.32,21.0,281898.0,0.0,54560.0,,,,,,,,
-0.321,19.0,281900.0,0.0,54560.0,,,,,,,,
-0.322,18.0,281901.0,0.0,54560.0,,,,,,,,
-0.323,15.0,281904.0,0.0,54560.0,,,,,,,,
-0.326,13.0,281906.0,0.0,54560.0,,,,,,,,
-0.329,12.0,281907.0,0.0,54560.0,,,,,,,,
-0.332,10.0,281909.0,0.0,54560.0,,,,,,,,
-0.335,8.0,281911.0,0.0,54560.0,,,,,,,,
-0.337,7.0,281912.0,0.0,54560.0,,,,,,,,
-0.338,3.0,281916.0,0.0,54560.0,,,,,,,,
-0.341,2.0,281917.0,0.0,54560.0,,,,,,,,
-0.343,1.0,281918.0,0.0,54560.0,,,,,,,,
-0.347,0.0,281919.0,0.0,54560.0,,,,,,,,
